Data,Estadual,País,USD,Previsão,Cultivo,model
2004-03-01,45.38,50.05,2.91,0.00,Soja,PROPHET
2004-04-01,45.95,48.73,2.91,0.00,Soja,PROPHET
2004-05-01,44.87,47.49,3.10,0.00,Soja,PROPHET
2004-06-01,38.59,40.78,3.13,0.00,Soja,PROPHET
2004-07-01,34.08,37.55,3.04,0.00,Soja,PROPHET
2004-08-01,31.83,34.94,3.00,0.00,Soja,PROPHET
2004-09-01,31.94,35.55,2.89,0.00,Soja,PROPHET
2004-10-01,30.95,32.22,2.85,0.00,Soja,PROPHET
2004-11-01,30.00,31.94,2.79,0.00,Soja,PROPHET
2004-12-01,27.90,29.81,2.72,0.00,Soja,PROPHET
2005-01-01,24.15,27.40,2.69,0.00,Soja,PROPHET
2005-02-01,28.18,31.12,2.60,0.00,Soja,PROPHET
2005-03-01,26.41,30.22,2.70,0.00,Soja,PROPHET
2005-04-01,25.92,28.36,2.58,0.00,Soja,PROPHET
2005-05-01,25.48,29.07,2.45,0.00,Soja,PROPHET
2005-06-01,25.65,28.59,2.41,0.00,Soja,PROPHET
2005-07-01,24.03,27.88,2.37,0.00,Soja,PROPHET
2005-08-01,22.29,26.46,2.36,0.00,Soja,PROPHET
2005-09-01,21.79,25.04,2.29,0.00,Soja,PROPHET
2005-10-01,21.56,24.47,2.26,0.00,Soja,PROPHET
2005-11-01,22.64,25.39,2.21,0.00,Soja,PROPHET
2005-12-01,22.32,25.71,2.29,0.00,Soja,PROPHET
2006-01-01,19.88,24.51,2.27,0.00,Soja,PROPHET
2006-02-01,18.03,22.74,2.16,0.00,Soja,PROPHET
2006-03-01,17.38,22.01,2.15,0.00,Soja,PROPHET
2006-04-01,18.79,22.74,2.13,0.00,Soja,PROPHET
2006-05-01,20.62,23.96,2.18,0.00,Soja,PROPHET
2006-06-01,20.73,23.75,2.25,0.00,Soja,PROPHET
2006-07-01,18.85,23.37,2.19,0.00,Soja,PROPHET
2006-08-01,18.66,23.19,2.16,0.00,Soja,PROPHET
2006-09-01,20.10,24.95,2.17,0.00,Soja,PROPHET
2006-10-01,22.31,27.65,2.15,0.00,Soja,PROPHET
2006-11-01,24.61,28.39,2.16,0.00,Soja,PROPHET
2006-12-01,23.40,27.71,2.15,0.00,Soja,PROPHET
2007-01-01,24.20,28.34,2.14,0.00,Soja,PROPHET
2007-02-01,23.82,28.17,2.10,0.00,Soja,PROPHET
2007-03-01,22.19,26.71,2.09,0.00,Soja,PROPHET
2007-04-01,22.75,26.43,2.03,0.00,Soja,PROPHET
2007-05-01,23.29,27.02,1.98,0.00,Soja,PROPHET
2007-06-01,24.21,27.45,1.93,0.00,Soja,PROPHET
2007-07-01,26.49,29.65,1.88,0.00,Soja,PROPHET
2007-08-01,30.24,33.88,1.97,0.00,Soja,PROPHET
2007-09-01,31.56,35.60,1.90,0.00,Soja,PROPHET
2007-10-01,33.41,37.06,1.80,0.00,Soja,PROPHET
2007-11-01,35.13,38.97,1.77,0.00,Soja,PROPHET
2007-12-01,36.24,40.46,1.79,0.00,Soja,PROPHET
2008-01-01,40.32,43.53,1.77,0.00,Soja,PROPHET
2008-02-01,38.19,43.70,1.73,0.00,Soja,PROPHET
2008-03-01,36.78,41.36,1.71,0.00,Soja,PROPHET
2008-04-01,37.51,41.34,1.69,0.00,Soja,PROPHET
2008-05-01,41.93,44.35,1.66,0.00,Soja,PROPHET
2008-06-01,43.16,46.71,1.62,0.00,Soja,PROPHET
2008-07-01,36.60,40.75,1.59,0.00,Soja,PROPHET
2008-08-01,38.95,41.85,1.61,0.00,Soja,PROPHET
2008-09-01,37.61,41.21,1.80,0.00,Soja,PROPHET
2008-10-01,38.32,41.39,2.17,0.00,Soja,PROPHET
2008-11-01,35.71,41.06,2.27,0.00,Soja,PROPHET
2008-12-01,39.25,43.34,2.39,0.00,Soja,PROPHET
2009-01-01,37.83,44.22,2.31,0.00,Soja,PROPHET
2009-02-01,36.25,41.26,2.31,0.00,Soja,PROPHET
2009-03-01,38.95,43.65,2.31,0.00,Soja,PROPHET
2009-04-01,41.44,45.49,2.21,0.00,Soja,PROPHET
2009-05-01,41.48,45.23,2.06,0.00,Soja,PROPHET
2009-06-01,39.31,42.87,1.96,0.00,Soja,PROPHET
2009-07-01,40.78,42.99,1.93,0.00,Soja,PROPHET
2009-08-01,39.26,41.83,1.85,0.00,Soja,PROPHET
2009-09-01,37.93,41.12,1.82,0.00,Soja,PROPHET
2009-10-01,38.22,40.95,1.74,0.00,Soja,PROPHET
2009-11-01,36.15,40.49,1.73,0.00,Soja,PROPHET
2009-12-01,31.18,38.42,1.75,0.00,Soja,PROPHET
2010-01-01,27.25,34.68,1.78,0.00,Soja,PROPHET
2010-02-01,26.00,32.04,1.84,0.00,Soja,PROPHET
2010-03-01,27.27,31.63,1.79,0.00,Soja,PROPHET
2010-04-01,28.51,31.97,1.76,0.00,Soja,PROPHET
2010-05-01,29.83,32.51,1.81,0.00,Soja,PROPHET
2010-06-01,32.12,34.14,1.81,0.00,Soja,PROPHET
2010-07-01,35.27,36.85,1.77,0.00,Soja,PROPHET
2010-08-01,37.27,38.05,1.76,0.00,Soja,PROPHET
2010-09-01,39.89,39.83,1.72,0.00,Soja,PROPHET
2010-10-01,43.84,42.95,1.68,0.00,Soja,PROPHET
2010-11-01,43.92,44.16,1.71,0.00,Soja,PROPHET
2010-12-01,42.27,44.69,1.69,0.00,Soja,PROPHET
2011-01-01,40.80,44.88,1.67,0.00,Soja,PROPHET
2011-02-01,38.93,43.05,1.67,0.00,Soja,PROPHET
2011-03-01,37.00,41.60,1.66,0.00,Soja,PROPHET
2011-04-01,37.71,40.27,1.59,0.00,Soja,PROPHET
2011-05-01,38.42,40.68,1.61,0.00,Soja,PROPHET
2011-06-01,38.59,40.56,1.59,0.00,Soja,PROPHET
2011-07-01,40.05,41.34,1.56,0.00,Soja,PROPHET
2011-08-01,42.11,43.74,1.60,0.00,Soja,PROPHET
2011-09-01,40.38,42.26,1.75,0.00,Soja,PROPHET
2011-10-01,38.90,41.32,1.77,0.00,Soja,PROPHET
2011-11-01,37.78,40.81,1.79,0.00,Soja,PROPHET
2011-12-01,38.88,41.97,1.84,0.00,Soja,PROPHET
2012-01-01,38.54,42.29,1.79,0.00,Soja,PROPHET
2012-02-01,43.74,45.81,1.72,0.00,Soja,PROPHET
2012-03-01,49.05,50.96,1.80,0.00,Soja,PROPHET
2012-04-01,53.75,53.98,1.85,0.00,Soja,PROPHET
2012-05-01,58.04,56.67,1.99,0.00,Soja,PROPHET
2012-06-01,66.83,65.18,2.05,0.00,Soja,PROPHET
2012-07-01,71.19,71.85,2.03,0.00,Soja,PROPHET
2012-08-01,72.55,75.01,2.03,0.00,Soja,PROPHET
2012-09-01,67.65,69.36,2.03,0.00,Soja,PROPHET
2012-10-01,66.41,66.99,2.03,0.00,Soja,PROPHET
2012-11-01,65.57,66.80,2.07,0.00,Soja,PROPHET
2012-12-01,53.45,60.11,2.08,0.00,Soja,PROPHET
2013-01-01,47.72,56.73,2.03,0.00,Soja,PROPHET
2013-02-01,45.33,54.25,1.97,0.00,Soja,PROPHET
2013-03-01,43.35,51.26,1.98,0.00,Soja,PROPHET
2013-04-01,48.27,52.75,2.00,0.00,Soja,PROPHET
2013-05-01,54.33,58.30,2.03,0.00,Soja,PROPHET
2013-06-01,54.30,60.08,2.17,0.00,Soja,PROPHET
2013-07-01,54.64,59.05,2.25,0.00,Soja,PROPHET
2013-08-01,59.05,63.17,2.34,0.00,Soja,PROPHET
2013-09-01,59.65,63.44,2.27,0.00,Soja,PROPHET
2013-10-01,61.71,64.85,2.19,0.00,Soja,PROPHET
2013-11-01,61.91,65.19,2.30,0.00,Soja,PROPHET
2013-12-01,55.07,61.89,2.35,0.00,Soja,PROPHET
2014-01-01,53.78,61.32,2.38,0.00,Soja,PROPHET
2014-02-01,55.12,62.84,2.38,0.00,Soja,PROPHET
2014-03-01,55.64,61.42,2.33,0.00,Soja,PROPHET
2014-04-01,57.38,61.45,2.23,0.00,Soja,PROPHET
2014-05-01,57.36,61.40,2.22,0.00,Soja,PROPHET
2014-06-01,55.03,57.80,2.24,0.00,Soja,PROPHET
2014-07-01,56.43,57.56,2.22,0.00,Soja,PROPHET
2014-08-01,53.71,54.15,2.27,0.00,Soja,PROPHET
2014-09-01,53.62,54.20,2.33,0.00,Soja,PROPHET
2014-10-01,56.62,57.47,2.45,0.00,Soja,PROPHET
2014-11-01,56.53,58.52,2.55,0.00,Soja,PROPHET
2014-12-01,53.25,56.69,2.64,0.00,Soja,PROPHET
2015-01-01,51.14,55.67,2.63,0.00,Soja,PROPHET
2015-02-01,55.71,60.02,2.82,0.00,Soja,PROPHET
2015-03-01,55.36,59.12,3.14,0.00,Soja,PROPHET
2015-04-01,54.08,57.26,3.04,0.00,Soja,PROPHET
2015-05-01,54.30,57.96,3.06,0.00,Soja,PROPHET
2015-06-01,57.26,61.56,3.11,0.00,Soja,PROPHET
2015-07-01,59.75,64.81,3.22,0.00,Soja,PROPHET
2015-08-01,65.72,69.06,3.51,0.00,Soja,PROPHET
2015-09-01,67.88,72.06,3.91,0.00,Soja,PROPHET
2015-10-01,65.43,71.21,3.88,0.00,Soja,PROPHET
2015-11-01,65.23,70.21,3.78,0.00,Soja,PROPHET
2015-12-01,66.76,71.67,3.87,0.00,Soja,PROPHET
2016-01-01,62.99,70.15,4.05,0.00,Soja,PROPHET
2016-02-01,58.94,65.52,3.97,0.00,Soja,PROPHET
2016-03-01,61.51,65.06,3.70,0.00,Soja,PROPHET
2016-04-01,73.75,72.32,3.57,0.00,Soja,PROPHET
2016-05-01,83.20,80.70,3.54,0.00,Soja,PROPHET
2016-06-01,75.24,76.10,3.42,0.00,Soja,PROPHET
2016-07-01,71.22,70.97,3.28,0.00,Soja,PROPHET
2016-08-01,70.64,70.56,3.21,0.00,Soja,PROPHET
2016-09-01,71.08,69.53,3.26,0.00,Soja,PROPHET
2016-10-01,67.49,69.11,3.19,0.00,Soja,PROPHET
2016-11-01,65.45,69.94,3.34,0.00,Soja,PROPHET
2016-12-01,62.30,67.18,3.35,0.00,Soja,PROPHET
2017-01-01,58.88,64.27,3.20,0.00,Soja,PROPHET
2017-02-01,55.73,61.42,3.10,0.00,Soja,PROPHET
2017-03-01,51.01,55.75,3.13,0.00,Soja,PROPHET
2017-04-01,54.46,57.92,3.14,0.00,Soja,PROPHET
2017-05-01,54.41,58.30,3.21,0.00,Soja,PROPHET
2017-06-01,56.14,60.31,3.30,0.00,Soja,PROPHET
2017-07-01,54.08,58.54,3.21,0.00,Soja,PROPHET
2017-08-01,55.61,58.90,3.15,0.00,Soja,PROPHET
2017-09-01,57.44,60.40,3.13,0.00,Soja,PROPHET
2017-10-01,58.85,62.46,3.19,0.00,Soja,PROPHET
2017-11-01,59.02,63.35,3.26,0.00,Soja,PROPHET
2017-12-01,57.58,61.95,3.29,0.00,Soja,PROPHET
2018-01-01,58.93,62.41,3.21,0.00,Soja,PROPHET
2018-02-01,62.99,67.28,3.24,0.00,Soja,PROPHET
2018-03-01,67.80,72.28,3.28,0.00,Soja,PROPHET
2018-04-01,70.79,74.33,3.41,0.00,Soja,PROPHET
2018-05-01,71.61,72.07,3.64,0.00,Soja,PROPHET
2018-06-01,69.96,73.84,3.77,0.00,Soja,PROPHET
2018-07-01,71.62,75.86,3.83,0.00,Soja,PROPHET
2018-08-01,74.56,79.53,3.93,0.00,Soja,PROPHET
2018-09-01,71.95,77.86,4.12,0.00,Soja,PROPHET
2018-10-01,67.35,74.03,3.76,0.00,Soja,PROPHET
2018-11-01,66.00,72.16,3.79,0.00,Soja,PROPHET
2018-12-01,62.22,69.28,3.89,0.00,Soja,PROPHET
2019-01-01,62.38,67.59,3.74,0.00,Soja,PROPHET
2019-02-01,64.10,69.13,3.72,0.00,Soja,PROPHET
2019-03-01,63.82,67.68,3.85,0.00,Soja,PROPHET
2019-04-01,63.16,66.16,3.90,0.00,Soja,PROPHET
2019-05-01,65.23,70.15,4.00,0.00,Soja,PROPHET
2019-06-01,63.97,68.43,3.86,0.00,Soja,PROPHET
2019-07-01,69.44,71.63,3.78,0.00,Soja,PROPHET
2019-08-01,73.74,75.77,4.02,0.00,Soja,PROPHET
2019-09-01,74.51,76.95,4.12,0.00,Soja,PROPHET
2019-10-01,76.91,78.01,4.09,0.00,Soja,PROPHET
2019-11-01,77.66,78.68,4.16,0.00,Soja,PROPHET
2019-12-01,74.70,77.48,4.11,0.00,Soja,PROPHET
2020-01-01,73.45,76.64,4.15,0.00,Soja,PROPHET
2020-02-01,79.89,81.88,4.34,0.00,Soja,PROPHET
2020-03-01,87.67,87.71,4.88,0.00,Soja,PROPHET
2020-04-01,95.63,94.78,5.33,0.00,Soja,PROPHET
2020-05-01,95.61,95.83,5.64,0.00,Soja,PROPHET
2020-06-01,104.06,102.93,5.20,0.00,Soja,PROPHET
2020-07-01,117.02,113.34,5.28,110.96,Soja,PROPHET
2020-08-01,117.02,113.34,5.28,111.14,Soja,PROPHET
2020-09-01,130.84,128.30,5.46,128.18,Soja,PROPHET
2020-10-01,156.80,147.41,5.40,147.86,Soja,PROPHET
2020-11-01,169.19,157.40,5.63,160.39,Soja,PROPHET
2020-12-01,147.91,140.93,5.42,145.90,Soja,PROPHET
2021-01-01,147.66,148.77,5.15,148.66,Soja,PROPHET
2021-02-01,150.39,154.53,5.36,153.07,Soja,PROPHET
2021-03-01,156.56,158.79,5.42,158.33,Soja,PROPHET
2021-04-01,160.89,163.29,5.65,163.99,Soja,PROPHET
2021-05-01,162.83,164.07,5.56,166.77,Soja,PROPHET
2021-06-01,149.74,152.11,5.29,156.17,Soja,PROPHET
2021-07-01,153.24,151.79,5.03,153.50,Soja,PROPHET
2021-08-01,164.32,158.44,5.16,159.89,Soja,PROPHET
2021-09-01,163.28,159.30,5.25,162.53,Soja,PROPHET
2021-10-01,159.13,160.01,5.28,163.18,Soja,PROPHET
2021-11-01,150.71,156.22,5.54,159.33,Soja,PROPHET
2021-12-01,147.78,158.54,5.56,159.54,Soja,PROPHET
2022-01-01,157.66,168.35,5.65,166.78,Soja,PROPHET
2022-02-01,172.87,183.75,5.53,181.24,Soja,PROPHET
2022-03-01,179.29,192.00,5.20,191.15,Soja,PROPHET
2022-04-01,163.83,175.30,4.97,177.42,Soja,PROPHET
2022-05-01,169.63,179.88,4.76,180.89,Soja,PROPHET
2022-06-01,167.08,177.16,4.96,179.32,Soja,PROPHET
2022-07-01,162.76,173.12,5.05,175.16,Soja,PROPHET
2022-08-01,160.77,170.17,5.37,172.43,Soja,PROPHET
2022-09-01,160.68,169.26,5.14,171.49,Soja,PROPHET
2022-10-01,160.13,167.21,5.24,169.17,Soja,PROPHET
2022-11-01,166.42,170.19,5.25,171.59,Soja,PROPHET
2022-12-01,161.23,167.87,5.27,169.96,Soja,PROPHET
2023-01-01,153.84,164.90,5.24,165.56,Soja,PROPHET
2023-02-01,146.95,159.62,5.20,159.50,Soja,PROPHET
2023-03-01,140.09,151.79,5.17,151.93,Soja,PROPHET
2023-04-01,125.23,135.93,5.21,137.20,Soja,PROPHET
2023-05-01,112.07,122.05,5.02,124.09,Soja,PROPHET
2023-06-01,107.77,119.32,4.98,119.97,Soja,PROPHET
2023-07-01,110.87,126.52,4.85,125.88,Soja,PROPHET
2023-08-01,117.40,130.76,4.80,130.80,Soja,PROPHET
2023-09-01,119.25,130.98,4.90,131.96,Soja,PROPHET
2023-10-01,119.63,128.00,4.94,128.37,Soja,PROPHET
2023-11-01,121.24,130.54,5.06,130.45,Soja,PROPHET
2023-12-01,122.95,130.42,4.90,130.52,Soja,PROPHET
2024-01-01,107.74,116.93,4.90,117.76,Soja,PROPHET
2024-02-01,97.64,105.35,4.91,105.29,Soja,PROPHET
2024-03-01,103.25,106.57,4.96,105.00,Soja,PROPHET
2024-04-01,108.18,113.13,4.98,112.53,Soja,PROPHET
2024-05-01,114.00,118.23,5.13,119.49,Soja,PROPHET
2024-06-01,118.97,121.40,5.13,123.09,Soja,PROPHET
2024-07-01,120.04,121.73,5.39,123.29,Soja,PROPHET
2024-08-01,117.55,119.20,5.54,120.02,Soja,PROPHET
2024-09-01,123.72,123.66,5.55,124.91,Soja,PROPHET
2024-10-01,0.00,95.29,5.68,96.18,Soja,PROPHET
2024-11-01,0.00,95.80,5.76,96.82,Soja,PROPHET
2024-12-01,0.00,95.96,5.82,95.82,Soja,PROPHET
2025-01-01,0.00,94.87,5.86,93.38,Soja,PROPHET
2025-02-01,0.00,93.55,5.74,91.00,Soja,PROPHET
2025-03-01,0.00,96.03,5.84,94.28,Soja,PROPHET
2025-04-01,0.00,95.78,5.89,94.94,Soja,PROPHET
2025-05-01,0.00,96.88,5.93,97.52,Soja,PROPHET
2025-06-01,0.00,98.04,5.99,99.00,Soja,PROPHET
2025-07-01,0.00,98.88,5.98,99.39,Soja,PROPHET
2025-08-01,0.00,97.59,5.91,97.92,Soja,PROPHET
2025-09-01,0.00,99.06,5.95,99.57,Soja,PROPHET
2025-10-01,0.00,98.84,6.02,99.86,Soja,PROPHET
2025-11-01,0.00,99.26,6.05,100.23,Soja,PROPHET
2025-12-01,0.00,99.34,6.09,99.54,Soja,PROPHET
2026-01-01,0.00,98.39,6.14,97.42,Soja,PROPHET
2026-02-01,0.00,97.40,6.10,95.65,Soja,PROPHET
2026-03-01,0.00,99.40,6.13,98.08,Soja,PROPHET
2026-04-01,0.00,99.32,6.22,98.76,Soja,PROPHET
2026-05-01,0.00,100.38,6.23,101.17,Soja,PROPHET
2026-06-01,0.00,101.59,6.28,102.71,Soja,PROPHET
2026-07-01,0.00,102.28,6.27,103.26,Soja,PROPHET
2026-08-01,0.00,101.26,6.23,102.48,Soja,PROPHET
2026-09-01,0.00,102.70,6.29,103.97,Soja,PROPHET
2004-03-01,16.99,17.57,2.91,0.00,Milho,PROPHET
2004-04-01,19.89,19.49,2.91,0.00,Milho,PROPHET
2004-05-01,19.80,20.25,3.10,0.00,Milho,PROPHET
2004-06-01,17.93,19.01,3.13,0.00,Milho,PROPHET
2004-07-01,16.49,17.71,3.04,0.00,Milho,PROPHET
2004-08-01,15.48,16.91,3.00,0.00,Milho,PROPHET
2004-09-01,15.63,16.98,2.89,0.00,Milho,PROPHET
2004-10-01,14.83,16.41,2.85,0.00,Milho,PROPHET
2004-11-01,14.69,15.78,2.79,0.00,Milho,PROPHET
2004-12-01,14.11,15.68,2.72,0.00,Milho,PROPHET
2005-01-01,14.10,15.91,2.69,0.00,Milho,PROPHET
2005-02-01,16.54,17.15,2.60,0.00,Milho,PROPHET
2005-03-01,17.30,17.94,2.70,0.00,Milho,PROPHET
2005-04-01,16.82,17.63,2.58,0.00,Milho,PROPHET
2005-05-01,16.71,17.26,2.45,0.00,Milho,PROPHET
2005-06-01,16.65,17.16,2.41,0.00,Milho,PROPHET
2005-07-01,15.67,16.93,2.37,0.00,Milho,PROPHET
2005-08-01,15.41,16.51,2.36,0.00,Milho,PROPHET
2005-09-01,14.02,15.63,2.29,0.00,Milho,PROPHET
2005-10-01,12.48,14.51,2.26,0.00,Milho,PROPHET
2005-11-01,12.16,14.03,2.21,0.00,Milho,PROPHET
2005-12-01,12.51,14.64,2.29,0.00,Milho,PROPHET
2006-01-01,13.20,14.73,2.27,0.00,Milho,PROPHET
2006-02-01,11.37,13.51,2.16,0.00,Milho,PROPHET
2006-03-01,10.87,12.57,2.15,0.00,Milho,PROPHET
2006-04-01,12.24,13.42,2.13,0.00,Milho,PROPHET
2006-05-01,13.18,14.53,2.18,0.00,Milho,PROPHET
2006-06-01,13.03,14.44,2.25,0.00,Milho,PROPHET
2006-07-01,12.55,13.91,2.19,0.00,Milho,PROPHET
2006-08-01,12.75,14.20,2.16,0.00,Milho,PROPHET
2006-09-01,13.91,15.64,2.17,0.00,Milho,PROPHET
2006-10-01,16.19,17.27,2.15,0.00,Milho,PROPHET
2006-11-01,17.73,18.44,2.16,0.00,Milho,PROPHET
2006-12-01,18.08,18.71,2.15,0.00,Milho,PROPHET
2007-01-01,17.30,18.33,2.14,0.00,Milho,PROPHET
2007-02-01,17.07,17.86,2.10,0.00,Milho,PROPHET
2007-03-01,15.28,16.92,2.09,0.00,Milho,PROPHET
2007-04-01,14.81,16.51,2.03,0.00,Milho,PROPHET
2007-05-01,14.83,16.48,1.98,0.00,Milho,PROPHET
2007-06-01,14.74,16.56,1.93,0.00,Milho,PROPHET
2007-07-01,16.67,17.88,1.88,0.00,Milho,PROPHET
2007-08-01,20.17,20.78,1.97,0.00,Milho,PROPHET
2007-09-01,19.96,21.55,1.90,0.00,Milho,PROPHET
2007-10-01,22.13,23.43,1.80,0.00,Milho,PROPHET
2007-11-01,24.96,26.27,1.77,0.00,Milho,PROPHET
2007-12-01,22.81,25.37,1.79,0.00,Milho,PROPHET
2008-01-01,21.37,24.09,1.77,0.00,Milho,PROPHET
2008-02-01,20.50,23.99,1.73,0.00,Milho,PROPHET
2008-03-01,20.18,23.68,1.71,0.00,Milho,PROPHET
2008-04-01,20.61,23.64,1.69,0.00,Milho,PROPHET
2008-05-01,19.83,23.20,1.66,0.00,Milho,PROPHET
2008-06-01,21.98,24.20,1.62,0.00,Milho,PROPHET
2008-07-01,19.04,21.90,1.59,0.00,Milho,PROPHET
2008-08-01,18.11,20.78,1.61,0.00,Milho,PROPHET
2008-09-01,17.34,19.66,1.80,0.00,Milho,PROPHET
2008-10-01,16.20,18.31,2.17,0.00,Milho,PROPHET
2008-11-01,15.55,18.23,2.27,0.00,Milho,PROPHET
2008-12-01,17.17,20.34,2.39,0.00,Milho,PROPHET
2009-01-01,17.89,20.59,2.31,0.00,Milho,PROPHET
2009-02-01,16.63,18.94,2.31,0.00,Milho,PROPHET
2009-03-01,16.67,18.45,2.31,0.00,Milho,PROPHET
2009-04-01,17.58,19.20,2.21,0.00,Milho,PROPHET
2009-05-01,17.48,19.42,2.06,0.00,Milho,PROPHET
2009-06-01,15.96,18.33,1.96,0.00,Milho,PROPHET
2009-07-01,15.07,17.58,1.93,0.00,Milho,PROPHET
2009-08-01,14.77,16.83,1.85,0.00,Milho,PROPHET
2009-09-01,15.06,16.59,1.82,0.00,Milho,PROPHET
2009-10-01,15.61,17.12,1.74,0.00,Milho,PROPHET
2009-11-01,15.04,16.76,1.73,0.00,Milho,PROPHET
2009-12-01,14.79,16.55,1.75,0.00,Milho,PROPHET
2010-01-01,14.47,15.67,1.78,0.00,Milho,PROPHET
2010-02-01,14.06,15.35,1.84,0.00,Milho,PROPHET
2010-03-01,13.82,15.21,1.79,0.00,Milho,PROPHET
2010-04-01,13.84,15.23,1.76,0.00,Milho,PROPHET
2010-05-01,14.17,15.64,1.81,0.00,Milho,PROPHET
2010-06-01,13.43,15.35,1.81,0.00,Milho,PROPHET
2010-07-01,14.09,16.27,1.77,0.00,Milho,PROPHET
2010-08-01,16.35,18.32,1.76,0.00,Milho,PROPHET
2010-09-01,18.06,20.07,1.72,0.00,Milho,PROPHET
2010-10-01,20.03,22.11,1.68,0.00,Milho,PROPHET
2010-11-01,19.97,22.68,1.71,0.00,Milho,PROPHET
2010-12-01,20.68,23.35,1.69,0.00,Milho,PROPHET
2011-01-01,22.34,24.80,1.67,0.00,Milho,PROPHET
2011-02-01,23.05,25.02,1.67,0.00,Milho,PROPHET
2011-03-01,23.79,25.44,1.66,0.00,Milho,PROPHET
2011-04-01,23.64,25.16,1.59,0.00,Milho,PROPHET
2011-05-01,23.79,25.21,1.61,0.00,Milho,PROPHET
2011-06-01,23.89,25.07,1.59,0.00,Milho,PROPHET
2011-07-01,22.97,24.87,1.56,0.00,Milho,PROPHET
2011-08-01,23.05,25.04,1.60,0.00,Milho,PROPHET
2011-09-01,22.20,24.80,1.75,0.00,Milho,PROPHET
2011-10-01,22.03,24.64,1.77,0.00,Milho,PROPHET
2011-11-01,20.54,23.75,1.79,0.00,Milho,PROPHET
2011-12-01,22.09,24.81,1.84,0.00,Milho,PROPHET
2012-01-01,23.35,25.41,1.79,0.00,Milho,PROPHET
2012-02-01,22.97,25.14,1.72,0.00,Milho,PROPHET
2012-03-01,21.92,24.04,1.80,0.00,Milho,PROPHET
2012-04-01,20.88,22.46,1.85,0.00,Milho,PROPHET
2012-05-01,20.37,21.84,1.99,0.00,Milho,PROPHET
2012-06-01,22.70,22.91,2.05,0.00,Milho,PROPHET
2012-07-01,26.97,26.15,2.03,0.00,Milho,PROPHET
2012-08-01,25.77,26.70,2.03,0.00,Milho,PROPHET
2012-09-01,24.69,26.44,2.03,0.00,Milho,PROPHET
2012-10-01,26.35,27.33,2.03,0.00,Milho,PROPHET
2012-11-01,27.81,28.45,2.07,0.00,Milho,PROPHET
2012-12-01,26.40,27.77,2.08,0.00,Milho,PROPHET
2013-01-01,25.84,27.66,2.03,0.00,Milho,PROPHET
2013-02-01,23.65,26.54,1.97,0.00,Milho,PROPHET
2013-03-01,20.36,24.15,1.98,0.00,Milho,PROPHET
2013-04-01,19.46,22.64,2.00,0.00,Milho,PROPHET
2013-05-01,20.06,22.02,2.03,0.00,Milho,PROPHET
2013-06-01,19.66,21.51,2.17,0.00,Milho,PROPHET
2013-07-01,17.92,20.47,2.25,0.00,Milho,PROPHET
2013-08-01,18.20,20.64,2.34,0.00,Milho,PROPHET
2013-09-01,17.72,20.51,2.27,0.00,Milho,PROPHET
2013-10-01,17.93,20.78,2.19,0.00,Milho,PROPHET
2013-11-01,18.95,21.19,2.30,0.00,Milho,PROPHET
2013-12-01,19.74,21.65,2.35,0.00,Milho,PROPHET
2014-01-01,20.84,22.27,2.38,0.00,Milho,PROPHET
2014-02-01,23.34,23.80,2.38,0.00,Milho,PROPHET
2014-03-01,23.46,24.66,2.33,0.00,Milho,PROPHET
2014-04-01,22.48,23.85,2.23,0.00,Milho,PROPHET
2014-05-01,20.60,22.28,2.22,0.00,Milho,PROPHET
2014-06-01,19.05,20.47,2.24,0.00,Milho,PROPHET
2014-07-01,18.62,19.86,2.22,0.00,Milho,PROPHET
2014-08-01,18.23,19.60,2.27,0.00,Milho,PROPHET
2014-09-01,18.04,19.75,2.33,0.00,Milho,PROPHET
2014-10-01,19.77,21.64,2.45,0.00,Milho,PROPHET
2014-11-01,21.61,22.99,2.55,0.00,Milho,PROPHET
2014-12-01,21.38,22.84,2.64,0.00,Milho,PROPHET
2015-01-01,21.05,22.46,2.63,0.00,Milho,PROPHET
2015-02-01,21.84,22.95,2.82,0.00,Milho,PROPHET
2015-03-01,21.75,22.92,3.14,0.00,Milho,PROPHET
2015-04-01,20.09,21.59,3.04,0.00,Milho,PROPHET
2015-05-01,19.78,20.93,3.06,0.00,Milho,PROPHET
2015-06-01,20.99,21.29,3.11,0.00,Milho,PROPHET
2015-07-01,21.48,22.00,3.22,0.00,Milho,PROPHET
2015-08-01,22.82,23.80,3.51,0.00,Milho,PROPHET
2015-09-01,25.19,26.12,3.91,0.00,Milho,PROPHET
2015-10-01,25.12,26.90,3.88,0.00,Milho,PROPHET
2015-11-01,25.07,27.76,3.78,0.00,Milho,PROPHET
2015-12-01,28.20,30.05,3.87,0.00,Milho,PROPHET
2016-01-01,33.16,34.16,4.05,0.00,Milho,PROPHET
2016-02-01,33.91,36.46,3.97,0.00,Milho,PROPHET
2016-03-01,36.51,39.62,3.70,0.00,Milho,PROPHET
2016-04-01,39.73,43.58,3.57,0.00,Milho,PROPHET
2016-05-01,40.15,44.44,3.54,0.00,Milho,PROPHET
2016-06-01,34.80,40.83,3.42,0.00,Milho,PROPHET
2016-07-01,36.23,41.49,3.28,0.00,Milho,PROPHET
2016-08-01,32.71,39.52,3.21,0.00,Milho,PROPHET
2016-09-01,33.35,38.64,3.26,0.00,Milho,PROPHET
2016-10-01,30.89,36.60,3.19,0.00,Milho,PROPHET
2016-11-01,29.85,33.69,3.34,0.00,Milho,PROPHET
2016-12-01,28.60,31.29,3.35,0.00,Milho,PROPHET
2017-01-01,26.49,28.63,3.20,0.00,Milho,PROPHET
2017-02-01,24.47,26.22,3.10,0.00,Milho,PROPHET
2017-03-01,21.84,23.15,3.13,0.00,Milho,PROPHET
2017-04-01,21.42,22.18,3.14,0.00,Milho,PROPHET
2017-05-01,20.93,21.38,3.21,0.00,Milho,PROPHET
2017-06-01,20.00,20.69,3.30,0.00,Milho,PROPHET
2017-07-01,18.43,20.40,3.21,0.00,Milho,PROPHET
2017-08-01,19.56,21.78,3.15,0.00,Milho,PROPHET
2017-09-01,21.41,23.66,3.13,0.00,Milho,PROPHET
2017-10-01,22.56,24.74,3.19,0.00,Milho,PROPHET
2017-11-01,23.51,25.25,3.26,0.00,Milho,PROPHET
2017-12-01,23.78,25.62,3.29,0.00,Milho,PROPHET
2018-01-01,23.86,25.93,3.21,0.00,Milho,PROPHET
2018-02-01,28.89,29.29,3.24,0.00,Milho,PROPHET
2018-03-01,31.93,32.27,3.28,0.00,Milho,PROPHET
2018-04-01,32.89,33.07,3.41,0.00,Milho,PROPHET
2018-05-01,33.73,33.40,3.64,0.00,Milho,PROPHET
2018-06-01,31.06,31.57,3.77,0.00,Milho,PROPHET
2018-07-01,32.58,33.19,3.83,0.00,Milho,PROPHET
2018-08-01,33.26,34.72,3.93,0.00,Milho,PROPHET
2018-09-01,30.74,32.94,4.12,0.00,Milho,PROPHET
2018-10-01,28.31,31.06,3.76,0.00,Milho,PROPHET
2018-11-01,28.96,31.07,3.79,0.00,Milho,PROPHET
2018-12-01,29.84,31.11,3.89,0.00,Milho,PROPHET
2019-01-01,31.16,31.59,3.74,0.00,Milho,PROPHET
2019-02-01,31.66,32.12,3.72,0.00,Milho,PROPHET
2019-03-01,28.71,31.14,3.85,0.00,Milho,PROPHET
2019-04-01,26.83,29.42,3.90,0.00,Milho,PROPHET
2019-05-01,29.73,30.43,4.00,0.00,Milho,PROPHET
2019-06-01,30.14,31.04,3.86,0.00,Milho,PROPHET
2019-07-01,29.14,30.82,3.78,0.00,Milho,PROPHET
2019-08-01,28.46,30.87,4.02,0.00,Milho,PROPHET
2019-09-01,31.44,32.71,4.12,0.00,Milho,PROPHET
2019-10-01,33.74,34.75,4.09,0.00,Milho,PROPHET
2019-11-01,36.50,37.34,4.16,0.00,Milho,PROPHET
2019-12-01,39.05,40.24,4.11,0.00,Milho,PROPHET
2020-01-01,40.14,43.14,4.15,0.00,Milho,PROPHET
2020-02-01,41.94,44.55,4.34,0.00,Milho,PROPHET
2020-03-01,41.84,44.72,4.88,0.00,Milho,PROPHET
2020-04-01,40.21,42.63,5.33,0.00,Milho,PROPHET
2020-05-01,39.54,41.34,5.64,0.00,Milho,PROPHET
2020-06-01,41.50,42.00,5.20,0.00,Milho,PROPHET
2020-07-01,45.27,45.84,5.28,44.14,Milho,PROPHET
2020-08-01,45.27,45.84,5.28,43.90,Milho,PROPHET
2020-09-01,50.01,51.58,5.46,48.64,Milho,PROPHET
2020-10-01,57.24,60.42,5.40,56.22,Milho,PROPHET
2020-11-01,67.78,72.02,5.63,66.38,Milho,PROPHET
2020-12-01,64.79,69.21,5.42,64.36,Milho,PROPHET
2021-01-01,70.37,72.58,5.15,67.03,Milho,PROPHET
2021-02-01,73.25,75.30,5.36,69.78,Milho,PROPHET
2021-03-01,76.70,76.68,5.42,71.10,Milho,PROPHET
2021-04-01,86.88,82.70,5.65,76.95,Milho,PROPHET
2021-05-01,93.36,88.83,5.56,81.96,Milho,PROPHET
2021-06-01,81.48,82.35,5.29,76.35,Milho,PROPHET
2021-07-01,83.80,83.71,5.03,77.02,Milho,PROPHET
2021-08-01,93.10,89.09,5.16,81.33,Milho,PROPHET
2021-09-01,86.50,85.34,5.25,77.91,Milho,PROPHET
2021-10-01,85.23,83.04,5.28,76.06,Milho,PROPHET
2021-11-01,78.65,79.59,5.54,73.51,Milho,PROPHET
2021-12-01,80.51,79.51,5.56,73.79,Milho,PROPHET
2022-01-01,87.22,86.19,5.65,79.58,Milho,PROPHET
2022-02-01,91.67,89.46,5.53,82.70,Milho,PROPHET
2022-03-01,93.68,89.66,5.20,83.03,Milho,PROPHET
2022-04-01,80.02,82.17,4.97,76.36,Milho,PROPHET
2022-05-01,81.32,81.66,4.76,75.63,Milho,PROPHET
2022-06-01,80.87,79.74,4.96,74.41,Milho,PROPHET
2022-07-01,76.22,76.48,5.05,71.44,Milho,PROPHET
2022-08-01,76.03,76.63,5.37,71.67,Milho,PROPHET
2022-09-01,76.74,78.13,5.14,72.70,Milho,PROPHET
2022-10-01,77.08,77.96,5.24,72.49,Milho,PROPHET
2022-11-01,77.42,78.21,5.25,72.79,Milho,PROPHET
2022-12-01,75.73,77.31,5.27,72.15,Milho,PROPHET
2023-01-01,77.40,78.22,5.24,73.00,Milho,PROPHET
2023-02-01,76.49,76.94,5.20,71.92,Milho,PROPHET
2023-03-01,75.17,74.78,5.17,70.51,Milho,PROPHET
2023-04-01,66.38,67.89,5.21,64.13,Milho,PROPHET
2023-05-01,50.60,54.87,5.02,52.75,Milho,PROPHET
2023-06-01,47.36,48.96,4.98,48.22,Milho,PROPHET
2023-07-01,46.58,47.85,4.85,46.90,Milho,PROPHET
2023-08-01,45.61,47.30,4.80,45.92,Milho,PROPHET
2023-09-01,44.12,47.73,4.90,46.41,Milho,PROPHET
2023-10-01,45.06,48.11,4.94,46.55,Milho,PROPHET
2023-11-01,45.95,50.30,5.06,48.62,Milho,PROPHET
2023-12-01,50.48,56.47,4.90,53.68,Milho,PROPHET
2024-01-01,50.84,57.74,4.90,54.95,Milho,PROPHET
2024-02-01,49.63,53.70,4.91,51.54,Milho,PROPHET
2024-03-01,47.60,52.25,4.96,50.41,Milho,PROPHET
2024-04-01,49.06,51.92,4.98,50.28,Milho,PROPHET
2024-05-01,50.40,52.43,5.13,51.02,Milho,PROPHET
2024-06-01,50.49,52.55,5.13,50.75,Milho,PROPHET
2024-07-01,49.24,51.44,5.39,50.12,Milho,PROPHET
2024-08-01,50.52,52.66,5.54,51.21,Milho,PROPHET
2024-09-01,51.74,54.56,5.55,52.56,Milho,PROPHET
2024-10-01,0.00,41.86,5.68,41.01,Milho,PROPHET
2024-11-01,0.00,42.31,5.76,41.51,Milho,PROPHET
2024-12-01,0.00,42.62,5.82,42.25,Milho,PROPHET
2025-01-01,0.00,42.81,5.86,42.22,Milho,PROPHET
2025-02-01,0.00,42.64,5.74,42.19,Milho,PROPHET
2025-03-01,0.00,43.86,5.84,43.46,Milho,PROPHET
2025-04-01,0.00,43.76,5.89,43.31,Milho,PROPHET
2025-05-01,0.00,43.51,5.93,43.18,Milho,PROPHET
2025-06-01,0.00,43.29,5.99,43.08,Milho,PROPHET
2025-07-01,0.00,42.90,5.98,42.81,Milho,PROPHET
2025-08-01,0.00,42.58,5.91,42.29,Milho,PROPHET
2025-09-01,0.00,43.06,5.95,42.45,Milho,PROPHET
2025-10-01,0.00,43.40,6.02,42.77,Milho,PROPHET
2025-11-01,0.00,43.80,6.05,43.22,Milho,PROPHET
2025-12-01,0.00,44.19,6.09,43.87,Milho,PROPHET
2026-01-01,0.00,44.54,6.14,44.13,Milho,PROPHET
2026-02-01,0.00,44.74,6.10,44.48,Milho,PROPHET
2026-03-01,0.00,45.12,6.13,45.08,Milho,PROPHET
2026-04-01,0.00,45.26,6.22,44.96,Milho,PROPHET
2026-05-01,0.00,45.15,6.23,44.87,Milho,PROPHET
2026-06-01,0.00,45.04,6.28,45.09,Milho,PROPHET
2026-07-01,0.00,44.62,6.27,44.70,Milho,PROPHET
2026-08-01,0.00,44.29,6.23,44.14,Milho,PROPHET
2026-09-01,0.00,44.71,6.29,44.40,Milho,PROPHET
2004-03-01,25.00,24.29,2.91,0.00,Trigo,PROPHET
2004-04-01,27.34,26.45,2.91,0.00,Trigo,PROPHET
2004-05-01,29.68,28.63,3.10,0.00,Trigo,PROPHET
2004-06-01,30.26,29.91,3.13,0.00,Trigo,PROPHET
2004-07-01,27.54,27.79,3.04,0.00,Trigo,PROPHET
2004-08-01,25.11,25.26,3.00,0.00,Trigo,PROPHET
2004-09-01,23.15,23.53,2.89,0.00,Trigo,PROPHET
2004-10-01,21.47,21.75,2.85,0.00,Trigo,PROPHET
2004-11-01,21.13,20.92,2.79,0.00,Trigo,PROPHET
2004-12-01,19.76,29.81,2.72,0.00,Trigo,PROPHET
2005-01-01,19.83,19.61,2.69,0.00,Trigo,PROPHET
2005-02-01,21.77,21.32,2.60,0.00,Trigo,PROPHET
2005-03-01,23.73,23.55,2.70,0.00,Trigo,PROPHET
2005-04-01,23.44,23.29,2.58,0.00,Trigo,PROPHET
2005-05-01,20.94,21.09,2.45,0.00,Trigo,PROPHET
2005-06-01,20.28,20.37,2.41,0.00,Trigo,PROPHET
2005-07-01,20.27,19.97,2.37,0.00,Trigo,PROPHET
2005-08-01,19.13,18.86,2.36,0.00,Trigo,PROPHET
2005-09-01,18.38,17.93,2.29,0.00,Trigo,PROPHET
2005-10-01,18.42,18.11,2.26,0.00,Trigo,PROPHET
2005-11-01,19.66,19.03,2.21,0.00,Trigo,PROPHET
2005-12-01,19.98,19.37,2.29,0.00,Trigo,PROPHET
2006-01-01,19.98,19.44,2.27,0.00,Trigo,PROPHET
2006-02-01,19.34,19.01,2.16,0.00,Trigo,PROPHET
2006-03-01,19.15,18.76,2.15,0.00,Trigo,PROPHET
2006-04-01,19.24,18.86,2.13,0.00,Trigo,PROPHET
2006-05-01,19.45,19.24,2.18,0.00,Trigo,PROPHET
2006-06-01,19.76,19.52,2.25,0.00,Trigo,PROPHET
2006-07-01,20.34,19.98,2.19,0.00,Trigo,PROPHET
2006-08-01,21.51,21.14,2.16,0.00,Trigo,PROPHET
2006-09-01,25.23,24.71,2.17,0.00,Trigo,PROPHET
2006-10-01,27.74,27.12,2.15,0.00,Trigo,PROPHET
2006-11-01,27.10,26.46,2.16,0.00,Trigo,PROPHET
2006-12-01,26.32,25.66,2.15,0.00,Trigo,PROPHET
2007-01-01,25.66,25.71,2.14,0.00,Trigo,PROPHET
2007-02-01,24.60,24.79,2.10,0.00,Trigo,PROPHET
2007-03-01,24.57,24.79,2.09,0.00,Trigo,PROPHET
2007-04-01,25.32,25.31,2.03,0.00,Trigo,PROPHET
2007-05-01,25.56,25.73,1.98,0.00,Trigo,PROPHET
2007-06-01,26.03,26.43,1.93,0.00,Trigo,PROPHET
2007-07-01,29.48,28.57,1.88,0.00,Trigo,PROPHET
2007-08-01,34.58,31.68,1.97,0.00,Trigo,PROPHET
2007-09-01,33.15,31.29,1.90,0.00,Trigo,PROPHET
2007-10-01,30.90,29.05,1.80,0.00,Trigo,PROPHET
2007-11-01,29.90,28.15,1.77,0.00,Trigo,PROPHET
2007-12-01,32.23,29.40,1.79,0.00,Trigo,PROPHET
2008-01-01,34.32,30.68,1.77,0.00,Trigo,PROPHET
2008-02-01,37.19,33.55,1.73,0.00,Trigo,PROPHET
2008-03-01,40.63,37.50,1.71,0.00,Trigo,PROPHET
2008-04-01,40.98,38.04,1.69,0.00,Trigo,PROPHET
2008-05-01,40.09,37.39,1.66,0.00,Trigo,PROPHET
2008-06-01,37.49,35.58,1.62,0.00,Trigo,PROPHET
2008-07-01,31.11,30.98,1.59,0.00,Trigo,PROPHET
2008-08-01,27.83,27.48,1.61,0.00,Trigo,PROPHET
2008-09-01,26.59,26.35,1.80,0.00,Trigo,PROPHET
2008-10-01,25.89,25.52,2.17,0.00,Trigo,PROPHET
2008-11-01,25.34,24.90,2.27,0.00,Trigo,PROPHET
2008-12-01,25.92,25.18,2.39,0.00,Trigo,PROPHET
2009-01-01,28.16,26.24,2.31,0.00,Trigo,PROPHET
2009-02-01,28.91,26.46,2.31,0.00,Trigo,PROPHET
2009-03-01,28.53,25.93,2.31,0.00,Trigo,PROPHET
2009-04-01,28.09,25.79,2.21,0.00,Trigo,PROPHET
2009-05-01,27.62,25.75,2.06,0.00,Trigo,PROPHET
2009-06-01,27.57,24.93,1.96,0.00,Trigo,PROPHET
2009-07-01,26.67,23.89,1.93,0.00,Trigo,PROPHET
2009-08-01,25.11,23.25,1.85,0.00,Trigo,PROPHET
2009-09-01,24.73,23.15,1.82,0.00,Trigo,PROPHET
2009-10-01,24.61,23.05,1.74,0.00,Trigo,PROPHET
2009-11-01,24.50,22.95,1.73,0.00,Trigo,PROPHET
2009-12-01,23.94,22.79,1.75,0.00,Trigo,PROPHET
2010-01-01,23.83,22.81,1.78,0.00,Trigo,PROPHET
2010-02-01,23.38,22.81,1.84,0.00,Trigo,PROPHET
2010-03-01,23.11,22.69,1.79,0.00,Trigo,PROPHET
2010-04-01,23.09,22.37,1.76,0.00,Trigo,PROPHET
2010-05-01,22.88,22.15,1.81,0.00,Trigo,PROPHET
2010-06-01,22.24,21.45,1.81,0.00,Trigo,PROPHET
2010-07-01,22.64,21.73,1.77,0.00,Trigo,PROPHET
2010-08-01,24.55,23.05,1.76,0.00,Trigo,PROPHET
2010-09-01,25.15,23.21,1.72,0.00,Trigo,PROPHET
2010-10-01,24.63,23.07,1.68,0.00,Trigo,PROPHET
2010-11-01,24.62,22.98,1.71,0.00,Trigo,PROPHET
2010-12-01,24.66,23.26,1.69,0.00,Trigo,PROPHET
2011-01-01,25.08,24.26,1.67,0.00,Trigo,PROPHET
2011-02-01,25.78,24.92,1.67,0.00,Trigo,PROPHET
2011-03-01,26.10,25.13,1.66,0.00,Trigo,PROPHET
2011-04-01,26.32,25.11,1.59,0.00,Trigo,PROPHET
2011-05-01,26.18,25.09,1.61,0.00,Trigo,PROPHET
2011-06-01,26.14,25.09,1.59,0.00,Trigo,PROPHET
2011-07-01,25.65,24.88,1.56,0.00,Trigo,PROPHET
2011-08-01,25.46,24.77,1.60,0.00,Trigo,PROPHET
2011-09-01,25.02,24.58,1.75,0.00,Trigo,PROPHET
2011-10-01,24.11,24.48,1.77,0.00,Trigo,PROPHET
2011-11-01,23.46,24.20,1.79,0.00,Trigo,PROPHET
2011-12-01,23.16,23.75,1.84,0.00,Trigo,PROPHET
2012-01-01,23.21,23.40,1.79,0.00,Trigo,PROPHET
2012-02-01,23.51,23.66,1.72,0.00,Trigo,PROPHET
2012-03-01,24.80,24.24,1.80,0.00,Trigo,PROPHET
2012-04-01,25.48,24.59,1.85,0.00,Trigo,PROPHET
2012-05-01,25.64,24.77,1.99,0.00,Trigo,PROPHET
2012-06-01,26.56,25.51,2.05,0.00,Trigo,PROPHET
2012-07-01,29.64,27.40,2.03,0.00,Trigo,PROPHET
2012-08-01,32.97,29.65,2.03,0.00,Trigo,PROPHET
2012-09-01,33.32,29.96,2.03,0.00,Trigo,PROPHET
2012-10-01,33.38,30.85,2.03,0.00,Trigo,PROPHET
2012-11-01,35.14,31.99,2.07,0.00,Trigo,PROPHET
2012-12-01,37.55,33.69,2.08,0.00,Trigo,PROPHET
2013-01-01,39.39,33.91,2.03,0.00,Trigo,PROPHET
2013-02-01,38.71,33.32,1.97,0.00,Trigo,PROPHET
2013-03-01,38.42,33.03,1.98,0.00,Trigo,PROPHET
2013-04-01,37.69,32.87,2.00,0.00,Trigo,PROPHET
2013-05-01,38.19,33.08,2.03,0.00,Trigo,PROPHET
2013-06-01,40.47,34.82,2.17,0.00,Trigo,PROPHET
2013-07-01,43.40,37.56,2.25,0.00,Trigo,PROPHET
2013-08-01,47.80,40.97,2.34,0.00,Trigo,PROPHET
2013-09-01,48.85,42.28,2.27,0.00,Trigo,PROPHET
2013-10-01,45.56,39.67,2.19,0.00,Trigo,PROPHET
2013-11-01,41.35,37.22,2.30,0.00,Trigo,PROPHET
2013-12-01,40.65,36.31,2.35,0.00,Trigo,PROPHET
2014-01-01,40.96,35.85,2.38,0.00,Trigo,PROPHET
2014-02-01,41.28,36.20,2.38,0.00,Trigo,PROPHET
2014-03-01,42.08,37.71,2.33,0.00,Trigo,PROPHET
2014-04-01,42.43,37.20,2.23,0.00,Trigo,PROPHET
2014-05-01,41.73,35.17,2.22,0.00,Trigo,PROPHET
2014-06-01,39.52,32.69,2.24,0.00,Trigo,PROPHET
2014-07-01,33.86,29.86,2.22,0.00,Trigo,PROPHET
2014-08-01,30.40,27.27,2.27,0.00,Trigo,PROPHET
2014-09-01,29.14,26.39,2.33,0.00,Trigo,PROPHET
2014-10-01,28.76,26.50,2.45,0.00,Trigo,PROPHET
2014-11-01,29.25,26.38,2.55,0.00,Trigo,PROPHET
2014-12-01,29.83,26.80,2.64,0.00,Trigo,PROPHET
2015-01-01,30.32,27.10,2.63,0.00,Trigo,PROPHET
2015-02-01,30.66,27.26,2.82,0.00,Trigo,PROPHET
2015-03-01,33.38,29.81,3.14,0.00,Trigo,PROPHET
2015-04-01,34.69,31.19,3.04,0.00,Trigo,PROPHET
2015-05-01,34.28,30.65,3.06,0.00,Trigo,PROPHET
2015-06-01,33.24,30.00,3.11,0.00,Trigo,PROPHET
2015-07-01,33.42,30.76,3.22,0.00,Trigo,PROPHET
2015-08-01,33.47,31.71,3.51,0.00,Trigo,PROPHET
2015-09-01,35.66,33.40,3.91,0.00,Trigo,PROPHET
2015-10-01,37.32,34.11,3.88,0.00,Trigo,PROPHET
2015-11-01,37.42,34.11,3.78,0.00,Trigo,PROPHET
2015-12-01,37.31,34.59,3.87,0.00,Trigo,PROPHET
2016-01-01,38.92,35.22,4.05,0.00,Trigo,PROPHET
2016-02-01,39.25,35.48,3.97,0.00,Trigo,PROPHET
2016-03-01,40.44,35.90,3.70,0.00,Trigo,PROPHET
2016-04-01,40.99,38.04,3.57,0.00,Trigo,PROPHET
2016-05-01,43.51,40.87,3.54,0.00,Trigo,PROPHET
2016-06-01,44.97,41.71,3.42,0.00,Trigo,PROPHET
2016-07-01,44.50,41.48,3.28,0.00,Trigo,PROPHET
2016-08-01,39.97,39.44,3.21,0.00,Trigo,PROPHET
2016-09-01,35.83,34.96,3.26,0.00,Trigo,PROPHET
2016-10-01,34.51,32.01,3.19,0.00,Trigo,PROPHET
2016-11-01,33.96,30.66,3.34,0.00,Trigo,PROPHET
2016-12-01,33.57,29.87,3.35,0.00,Trigo,PROPHET
2017-01-01,32.22,29.22,3.20,0.00,Trigo,PROPHET
2017-02-01,31.60,29.15,3.10,0.00,Trigo,PROPHET
2017-03-01,31.44,29.22,3.13,0.00,Trigo,PROPHET
2017-04-01,31.38,29.76,3.14,0.00,Trigo,PROPHET
2017-05-01,31.78,30.88,3.21,0.00,Trigo,PROPHET
2017-06-01,33.80,32.09,3.30,0.00,Trigo,PROPHET
2017-07-01,35.73,32.85,3.21,0.00,Trigo,PROPHET
2017-08-01,33.71,31.74,3.15,0.00,Trigo,PROPHET
2017-09-01,32.14,30.95,3.13,0.00,Trigo,PROPHET
2017-10-01,32.80,31.10,3.19,0.00,Trigo,PROPHET
2017-11-01,33.53,31.15,3.26,0.00,Trigo,PROPHET
2017-12-01,33.97,31.10,3.29,0.00,Trigo,PROPHET
2018-01-01,33.91,30.99,3.21,0.00,Trigo,PROPHET
2018-02-01,34.55,31.72,3.24,0.00,Trigo,PROPHET
2018-03-01,36.72,35.10,3.28,0.00,Trigo,PROPHET
2018-04-01,40.53,39.13,3.41,0.00,Trigo,PROPHET
2018-05-01,45.40,42.25,3.64,0.00,Trigo,PROPHET
2018-06-01,48.76,42.89,3.77,0.00,Trigo,PROPHET
2018-07-01,47.38,42.70,3.83,0.00,Trigo,PROPHET
2018-08-01,46.57,43.25,3.93,0.00,Trigo,PROPHET
2018-09-01,43.12,41.30,4.12,0.00,Trigo,PROPHET
2018-10-01,42.82,39.38,3.76,0.00,Trigo,PROPHET
2018-11-01,44.76,40.83,3.79,0.00,Trigo,PROPHET
2018-12-01,46.23,41.65,3.89,0.00,Trigo,PROPHET
2019-01-01,47.71,42.43,3.74,0.00,Trigo,PROPHET
2019-02-01,48.36,42.91,3.72,0.00,Trigo,PROPHET
2019-03-01,46.54,42.77,3.85,0.00,Trigo,PROPHET
2019-04-01,45.93,42.11,3.90,0.00,Trigo,PROPHET
2019-05-01,45.74,41.70,4.00,0.00,Trigo,PROPHET
2019-06-01,45.80,42.06,3.86,0.00,Trigo,PROPHET
2019-07-01,45.93,42.39,3.78,0.00,Trigo,PROPHET
2019-08-01,46.24,42.60,4.02,0.00,Trigo,PROPHET
2019-09-01,45.16,40.47,4.12,0.00,Trigo,PROPHET
2019-10-01,45.38,39.88,4.09,0.00,Trigo,PROPHET
2019-11-01,47.21,41.26,4.16,0.00,Trigo,PROPHET
2019-12-01,47.86,42.26,4.11,0.00,Trigo,PROPHET
2020-01-01,49.25,44.87,4.15,0.00,Trigo,PROPHET
2020-02-01,51.69,46.62,4.34,0.00,Trigo,PROPHET
2020-03-01,55.67,48.43,4.88,0.00,Trigo,PROPHET
2020-04-01,58.56,51.78,5.33,0.00,Trigo,PROPHET
2020-05-01,58.41,53.55,5.64,0.00,Trigo,PROPHET
2020-06-01,56.91,55.34,5.20,0.00,Trigo,PROPHET
2020-07-01,56.99,56.20,5.28,57.97,Trigo,PROPHET
2020-08-01,56.99,56.20,5.28,60.79,Trigo,PROPHET
2020-09-01,59.85,58.51,5.46,62.31,Trigo,PROPHET
2020-10-01,65.70,66.67,5.40,69.36,Trigo,PROPHET
2020-11-01,75.31,77.13,5.63,79.48,Trigo,PROPHET
2020-12-01,69.53,70.01,5.42,78.08,Trigo,PROPHET
2021-01-01,69.75,72.02,5.15,76.12,Trigo,PROPHET
2021-02-01,75.09,76.05,5.36,80.61,Trigo,PROPHET
2021-03-01,77.87,78.53,5.42,84.16,Trigo,PROPHET
2021-04-01,84.52,81.41,5.65,87.76,Trigo,PROPHET
2021-05-01,86.87,84.44,5.56,91.86,Trigo,PROPHET
2021-06-01,80.33,81.07,5.29,89.93,Trigo,PROPHET
2021-07-01,78.76,78.19,5.03,85.22,Trigo,PROPHET
2021-08-01,86.27,82.34,5.16,87.84,Trigo,PROPHET
2021-09-01,87.08,82.38,5.25,90.55,Trigo,PROPHET
2021-10-01,87.31,82.83,5.28,91.13,Trigo,PROPHET
2021-11-01,87.44,84.02,5.54,92.37,Trigo,PROPHET
2021-12-01,87.99,84.32,5.56,92.81,Trigo,PROPHET
2022-01-01,88.71,85.53,5.65,93.34,Trigo,PROPHET
2022-02-01,89.01,86.45,5.53,95.45,Trigo,PROPHET
2022-03-01,95.69,95.77,5.20,101.00,Trigo,PROPHET
2022-04-01,94.13,94.44,4.97,102.28,Trigo,PROPHET
2022-05-01,96.72,103.01,4.76,107.73,Trigo,PROPHET
2022-06-01,105.00,109.47,4.96,114.97,Trigo,PROPHET
2022-07-01,108.96,112.15,5.05,119.20,Trigo,PROPHET
2022-08-01,109.50,105.57,5.37,115.91,Trigo,PROPHET
2022-09-01,97.30,95.09,5.14,108.51,Trigo,PROPHET
2022-10-01,92.48,93.37,5.24,102.42,Trigo,PROPHET
2022-11-01,99.18,93.76,5.25,101.01,Trigo,PROPHET
2022-12-01,94.59,87.17,5.27,98.87,Trigo,PROPHET
2023-01-01,91.88,82.92,5.24,94.12,Trigo,PROPHET
2023-02-01,88.79,81.55,5.20,92.52,Trigo,PROPHET
2023-03-01,87.87,81.58,5.17,91.36,Trigo,PROPHET
2023-04-01,81.15,78.03,5.21,87.79,Trigo,PROPHET
2023-05-01,69.91,68.94,5.02,78.73,Trigo,PROPHET
2023-06-01,66.13,65.68,4.98,72.29,Trigo,PROPHET
2023-07-01,66.16,66.41,4.85,71.50,Trigo,PROPHET
2023-08-01,64.14,65.16,4.80,70.06,Trigo,PROPHET
2023-09-01,52.52,56.66,4.90,63.22,Trigo,PROPHET
2023-10-01,50.95,51.50,4.94,54.75,Trigo,PROPHET
2023-11-01,63.58,60.81,5.06,61.23,Trigo,PROPHET
2023-12-01,65.54,64.19,4.90,68.41,Trigo,PROPHET
2024-01-01,65.01,63.47,4.90,69.31,Trigo,PROPHET
2024-02-01,64.38,62.95,4.91,68.76,Trigo,PROPHET
2024-03-01,62.49,61.47,4.96,67.21,Trigo,PROPHET
2024-04-01,62.77,61.79,4.98,67.43,Trigo,PROPHET
2024-05-01,68.07,65.30,5.13,69.61,Trigo,PROPHET
2024-06-01,74.18,69.61,5.13,73.92,Trigo,PROPHET
2024-07-01,74.23,70.38,5.39,76.57,Trigo,PROPHET
2024-08-01,74.39,70.67,5.54,77.31,Trigo,PROPHET
2024-09-01,77.01,71.53,5.55,77.76,Trigo,PROPHET
2024-10-01,0.00,52.27,5.68,56.50,Trigo,PROPHET
2024-11-01,0.00,52.10,5.76,56.55,Trigo,PROPHET
2024-12-01,0.00,52.20,5.82,56.78,Trigo,PROPHET
2025-01-01,0.00,53.24,5.86,56.27,Trigo,PROPHET
2025-02-01,0.00,51.81,5.74,56.61,Trigo,PROPHET
2025-03-01,0.00,53.38,5.84,58.12,Trigo,PROPHET
2025-04-01,0.00,54.42,5.89,59.27,Trigo,PROPHET
2025-05-01,0.00,55.30,5.93,59.91,Trigo,PROPHET
2025-06-01,0.00,55.72,5.99,60.15,Trigo,PROPHET
2025-07-01,0.00,55.78,5.98,60.17,Trigo,PROPHET
2025-08-01,0.00,54.84,5.91,59.38,Trigo,PROPHET
2025-09-01,0.00,54.92,5.95,59.20,Trigo,PROPHET
2025-10-01,0.00,54.57,6.02,58.80,Trigo,PROPHET
2025-11-01,0.00,54.23,6.05,58.65,Trigo,PROPHET
2025-12-01,0.00,54.28,6.09,58.79,Trigo,PROPHET
2026-01-01,0.00,55.15,6.14,58.84,Trigo,PROPHET
2026-02-01,0.00,54.59,6.10,59.42,Trigo,PROPHET
2026-03-01,0.00,55.37,6.13,60.31,Trigo,PROPHET
2026-04-01,0.00,56.64,6.22,61.28,Trigo,PROPHET
2026-05-01,0.00,57.56,6.23,62.20,Trigo,PROPHET
2026-06-01,0.00,57.87,6.28,62.55,Trigo,PROPHET
2026-07-01,0.00,57.79,6.27,62.58,Trigo,PROPHET
2026-08-01,0.00,57.22,6.23,61.79,Trigo,PROPHET
2026-09-01,0.00,57.31,6.29,61.76,Trigo,PROPHET
2004-03-01,25.00,24.29,2.91,0.00,Trigo,PROPHET
2004-04-01,27.34,26.45,2.91,0.00,Trigo,PROPHET
2004-05-01,29.68,28.63,3.10,0.00,Trigo,PROPHET
2004-06-01,30.26,29.91,3.13,0.00,Trigo,PROPHET
2004-07-01,27.54,27.79,3.04,0.00,Trigo,PROPHET
2004-08-01,25.11,25.26,3.00,0.00,Trigo,PROPHET
2004-09-01,23.15,23.53,2.89,0.00,Trigo,PROPHET
2004-10-01,21.47,21.75,2.85,0.00,Trigo,PROPHET
2004-11-01,21.13,20.92,2.79,0.00,Trigo,PROPHET
2004-12-01,19.76,29.81,2.72,0.00,Trigo,PROPHET
2005-01-01,19.83,19.61,2.69,0.00,Trigo,PROPHET
2005-02-01,21.77,21.32,2.60,0.00,Trigo,PROPHET
2005-03-01,23.73,23.55,2.70,0.00,Trigo,PROPHET
2005-04-01,23.44,23.29,2.58,0.00,Trigo,PROPHET
2005-05-01,20.94,21.09,2.45,0.00,Trigo,PROPHET
2005-06-01,20.28,20.37,2.41,0.00,Trigo,PROPHET
2005-07-01,20.27,19.97,2.37,0.00,Trigo,PROPHET
2005-08-01,19.13,18.86,2.36,0.00,Trigo,PROPHET
2005-09-01,18.38,17.93,2.29,0.00,Trigo,PROPHET
2005-10-01,18.42,18.11,2.26,0.00,Trigo,PROPHET
2005-11-01,19.66,19.03,2.21,0.00,Trigo,PROPHET
2005-12-01,19.98,19.37,2.29,0.00,Trigo,PROPHET
2006-01-01,19.98,19.44,2.27,0.00,Trigo,PROPHET
2006-02-01,19.34,19.01,2.16,0.00,Trigo,PROPHET
2006-03-01,19.15,18.76,2.15,0.00,Trigo,PROPHET
2006-04-01,19.24,18.86,2.13,0.00,Trigo,PROPHET
2006-05-01,19.45,19.24,2.18,0.00,Trigo,PROPHET
2006-06-01,19.76,19.52,2.25,0.00,Trigo,PROPHET
2006-07-01,20.34,19.98,2.19,0.00,Trigo,PROPHET
2006-08-01,21.51,21.14,2.16,0.00,Trigo,PROPHET
2006-09-01,25.23,24.71,2.17,0.00,Trigo,PROPHET
2006-10-01,27.74,27.12,2.15,0.00,Trigo,PROPHET
2006-11-01,27.10,26.46,2.16,0.00,Trigo,PROPHET
2006-12-01,26.32,25.66,2.15,0.00,Trigo,PROPHET
2007-01-01,25.66,25.71,2.14,0.00,Trigo,PROPHET
2007-02-01,24.60,24.79,2.10,0.00,Trigo,PROPHET
2007-03-01,24.57,24.79,2.09,0.00,Trigo,PROPHET
2007-04-01,25.32,25.31,2.03,0.00,Trigo,PROPHET
2007-05-01,25.56,25.73,1.98,0.00,Trigo,PROPHET
2007-06-01,26.03,26.43,1.93,0.00,Trigo,PROPHET
2007-07-01,29.48,28.57,1.88,0.00,Trigo,PROPHET
2007-08-01,34.58,31.68,1.97,0.00,Trigo,PROPHET
2007-09-01,33.15,31.29,1.90,0.00,Trigo,PROPHET
2007-10-01,30.90,29.05,1.80,0.00,Trigo,PROPHET
2007-11-01,29.90,28.15,1.77,0.00,Trigo,PROPHET
2007-12-01,32.23,29.40,1.79,0.00,Trigo,PROPHET
2008-01-01,34.32,30.68,1.77,0.00,Trigo,PROPHET
2008-02-01,37.19,33.55,1.73,0.00,Trigo,PROPHET
2008-03-01,40.63,37.50,1.71,0.00,Trigo,PROPHET
2008-04-01,40.98,38.04,1.69,0.00,Trigo,PROPHET
2008-05-01,40.09,37.39,1.66,0.00,Trigo,PROPHET
2008-06-01,37.49,35.58,1.62,0.00,Trigo,PROPHET
2008-07-01,31.11,30.98,1.59,0.00,Trigo,PROPHET
2008-08-01,27.83,27.48,1.61,0.00,Trigo,PROPHET
2008-09-01,26.59,26.35,1.80,0.00,Trigo,PROPHET
2008-10-01,25.89,25.52,2.17,0.00,Trigo,PROPHET
2008-11-01,25.34,24.90,2.27,0.00,Trigo,PROPHET
2008-12-01,25.92,25.18,2.39,0.00,Trigo,PROPHET
2009-01-01,28.16,26.24,2.31,0.00,Trigo,PROPHET
2009-02-01,28.91,26.46,2.31,0.00,Trigo,PROPHET
2009-03-01,28.53,25.93,2.31,0.00,Trigo,PROPHET
2009-04-01,28.09,25.79,2.21,0.00,Trigo,PROPHET
2009-05-01,27.62,25.75,2.06,0.00,Trigo,PROPHET
2009-06-01,27.57,24.93,1.96,0.00,Trigo,PROPHET
2009-07-01,26.67,23.89,1.93,0.00,Trigo,PROPHET
2009-08-01,25.11,23.25,1.85,0.00,Trigo,PROPHET
2009-09-01,24.73,23.15,1.82,0.00,Trigo,PROPHET
2009-10-01,24.61,23.05,1.74,0.00,Trigo,PROPHET
2009-11-01,24.50,22.95,1.73,0.00,Trigo,PROPHET
2009-12-01,23.94,22.79,1.75,0.00,Trigo,PROPHET
2010-01-01,23.83,22.81,1.78,0.00,Trigo,PROPHET
2010-02-01,23.38,22.81,1.84,0.00,Trigo,PROPHET
2010-03-01,23.11,22.69,1.79,0.00,Trigo,PROPHET
2010-04-01,23.09,22.37,1.76,0.00,Trigo,PROPHET
2010-05-01,22.88,22.15,1.81,0.00,Trigo,PROPHET
2010-06-01,22.24,21.45,1.81,0.00,Trigo,PROPHET
2010-07-01,22.64,21.73,1.77,0.00,Trigo,PROPHET
2010-08-01,24.55,23.05,1.76,0.00,Trigo,PROPHET
2010-09-01,25.15,23.21,1.72,0.00,Trigo,PROPHET
2010-10-01,24.63,23.07,1.68,0.00,Trigo,PROPHET
2010-11-01,24.62,22.98,1.71,0.00,Trigo,PROPHET
2010-12-01,24.66,23.26,1.69,0.00,Trigo,PROPHET
2011-01-01,25.08,24.26,1.67,0.00,Trigo,PROPHET
2011-02-01,25.78,24.92,1.67,0.00,Trigo,PROPHET
2011-03-01,26.10,25.13,1.66,0.00,Trigo,PROPHET
2011-04-01,26.32,25.11,1.59,0.00,Trigo,PROPHET
2011-05-01,26.18,25.09,1.61,0.00,Trigo,PROPHET
2011-06-01,26.14,25.09,1.59,0.00,Trigo,PROPHET
2011-07-01,25.65,24.88,1.56,0.00,Trigo,PROPHET
2011-08-01,25.46,24.77,1.60,0.00,Trigo,PROPHET
2011-09-01,25.02,24.58,1.75,0.00,Trigo,PROPHET
2011-10-01,24.11,24.48,1.77,0.00,Trigo,PROPHET
2011-11-01,23.46,24.20,1.79,0.00,Trigo,PROPHET
2011-12-01,23.16,23.75,1.84,0.00,Trigo,PROPHET
2012-01-01,23.21,23.40,1.79,0.00,Trigo,PROPHET
2012-02-01,23.51,23.66,1.72,0.00,Trigo,PROPHET
2012-03-01,24.80,24.24,1.80,0.00,Trigo,PROPHET
2012-04-01,25.48,24.59,1.85,0.00,Trigo,PROPHET
2012-05-01,25.64,24.77,1.99,0.00,Trigo,PROPHET
2012-06-01,26.56,25.51,2.05,0.00,Trigo,PROPHET
2012-07-01,29.64,27.40,2.03,0.00,Trigo,PROPHET
2012-08-01,32.97,29.65,2.03,0.00,Trigo,PROPHET
2012-09-01,33.32,29.96,2.03,0.00,Trigo,PROPHET
2012-10-01,33.38,30.85,2.03,0.00,Trigo,PROPHET
2012-11-01,35.14,31.99,2.07,0.00,Trigo,PROPHET
2012-12-01,37.55,33.69,2.08,0.00,Trigo,PROPHET
2013-01-01,39.39,33.91,2.03,0.00,Trigo,PROPHET
2013-02-01,38.71,33.32,1.97,0.00,Trigo,PROPHET
2013-03-01,38.42,33.03,1.98,0.00,Trigo,PROPHET
2013-04-01,37.69,32.87,2.00,0.00,Trigo,PROPHET
2013-05-01,38.19,33.08,2.03,0.00,Trigo,PROPHET
2013-06-01,40.47,34.82,2.17,0.00,Trigo,PROPHET
2013-07-01,43.40,37.56,2.25,0.00,Trigo,PROPHET
2013-08-01,47.80,40.97,2.34,0.00,Trigo,PROPHET
2013-09-01,48.85,42.28,2.27,0.00,Trigo,PROPHET
2013-10-01,45.56,39.67,2.19,0.00,Trigo,PROPHET
2013-11-01,41.35,37.22,2.30,0.00,Trigo,PROPHET
2013-12-01,40.65,36.31,2.35,0.00,Trigo,PROPHET
2014-01-01,40.96,35.85,2.38,0.00,Trigo,PROPHET
2014-02-01,41.28,36.20,2.38,0.00,Trigo,PROPHET
2014-03-01,42.08,37.71,2.33,0.00,Trigo,PROPHET
2014-04-01,42.43,37.20,2.23,0.00,Trigo,PROPHET
2014-05-01,41.73,35.17,2.22,0.00,Trigo,PROPHET
2014-06-01,39.52,32.69,2.24,0.00,Trigo,PROPHET
2014-07-01,33.86,29.86,2.22,0.00,Trigo,PROPHET
2014-08-01,30.40,27.27,2.27,0.00,Trigo,PROPHET
2014-09-01,29.14,26.39,2.33,0.00,Trigo,PROPHET
2014-10-01,28.76,26.50,2.45,0.00,Trigo,PROPHET
2014-11-01,29.25,26.38,2.55,0.00,Trigo,PROPHET
2014-12-01,29.83,26.80,2.64,0.00,Trigo,PROPHET
2015-01-01,30.32,27.10,2.63,0.00,Trigo,PROPHET
2015-02-01,30.66,27.26,2.82,0.00,Trigo,PROPHET
2015-03-01,33.38,29.81,3.14,0.00,Trigo,PROPHET
2015-04-01,34.69,31.19,3.04,0.00,Trigo,PROPHET
2015-05-01,34.28,30.65,3.06,0.00,Trigo,PROPHET
2015-06-01,33.24,30.00,3.11,0.00,Trigo,PROPHET
2015-07-01,33.42,30.76,3.22,0.00,Trigo,PROPHET
2015-08-01,33.47,31.71,3.51,0.00,Trigo,PROPHET
2015-09-01,35.66,33.40,3.91,0.00,Trigo,PROPHET
2015-10-01,37.32,34.11,3.88,0.00,Trigo,PROPHET
2015-11-01,37.42,34.11,3.78,0.00,Trigo,PROPHET
2015-12-01,37.31,34.59,3.87,0.00,Trigo,PROPHET
2016-01-01,38.92,35.22,4.05,0.00,Trigo,PROPHET
2016-02-01,39.25,35.48,3.97,0.00,Trigo,PROPHET
2016-03-01,40.44,35.90,3.70,0.00,Trigo,PROPHET
2016-04-01,40.99,38.04,3.57,0.00,Trigo,PROPHET
2016-05-01,43.51,40.87,3.54,0.00,Trigo,PROPHET
2016-06-01,44.97,41.71,3.42,0.00,Trigo,PROPHET
2016-07-01,44.50,41.48,3.28,0.00,Trigo,PROPHET
2016-08-01,39.97,39.44,3.21,0.00,Trigo,PROPHET
2016-09-01,35.83,34.96,3.26,0.00,Trigo,PROPHET
2016-10-01,34.51,32.01,3.19,0.00,Trigo,PROPHET
2016-11-01,33.96,30.66,3.34,0.00,Trigo,PROPHET
2016-12-01,33.57,29.87,3.35,0.00,Trigo,PROPHET
2017-01-01,32.22,29.22,3.20,0.00,Trigo,PROPHET
2017-02-01,31.60,29.15,3.10,0.00,Trigo,PROPHET
2017-03-01,31.44,29.22,3.13,0.00,Trigo,PROPHET
2017-04-01,31.38,29.76,3.14,0.00,Trigo,PROPHET
2017-05-01,31.78,30.88,3.21,0.00,Trigo,PROPHET
2017-06-01,33.80,32.09,3.30,0.00,Trigo,PROPHET
2017-07-01,35.73,32.85,3.21,0.00,Trigo,PROPHET
2017-08-01,33.71,31.74,3.15,0.00,Trigo,PROPHET
2017-09-01,32.14,30.95,3.13,0.00,Trigo,PROPHET
2017-10-01,32.80,31.10,3.19,0.00,Trigo,PROPHET
2017-11-01,33.53,31.15,3.26,0.00,Trigo,PROPHET
2017-12-01,33.97,31.10,3.29,0.00,Trigo,PROPHET
2018-01-01,33.91,30.99,3.21,0.00,Trigo,PROPHET
2018-02-01,34.55,31.72,3.24,0.00,Trigo,PROPHET
2018-03-01,36.72,35.10,3.28,0.00,Trigo,PROPHET
2018-04-01,40.53,39.13,3.41,0.00,Trigo,PROPHET
2018-05-01,45.40,42.25,3.64,0.00,Trigo,PROPHET
2018-06-01,48.76,42.89,3.77,0.00,Trigo,PROPHET
2018-07-01,47.38,42.70,3.83,0.00,Trigo,PROPHET
2018-08-01,46.57,43.25,3.93,0.00,Trigo,PROPHET
2018-09-01,43.12,41.30,4.12,0.00,Trigo,PROPHET
2018-10-01,42.82,39.38,3.76,0.00,Trigo,PROPHET
2018-11-01,44.76,40.83,3.79,0.00,Trigo,PROPHET
2018-12-01,46.23,41.65,3.89,0.00,Trigo,PROPHET
2019-01-01,47.71,42.43,3.74,0.00,Trigo,PROPHET
2019-02-01,48.36,42.91,3.72,0.00,Trigo,PROPHET
2019-03-01,46.54,42.77,3.85,0.00,Trigo,PROPHET
2019-04-01,45.93,42.11,3.90,0.00,Trigo,PROPHET
2019-05-01,45.74,41.70,4.00,0.00,Trigo,PROPHET
2019-06-01,45.80,42.06,3.86,0.00,Trigo,PROPHET
2019-07-01,45.93,42.39,3.78,0.00,Trigo,PROPHET
2019-08-01,46.24,42.60,4.02,0.00,Trigo,PROPHET
2019-09-01,45.16,40.47,4.12,0.00,Trigo,PROPHET
2019-10-01,45.38,39.88,4.09,0.00,Trigo,PROPHET
2019-11-01,47.21,41.26,4.16,0.00,Trigo,PROPHET
2019-12-01,47.86,42.26,4.11,0.00,Trigo,PROPHET
2020-01-01,49.25,44.87,4.15,0.00,Trigo,PROPHET
2020-02-01,51.69,46.62,4.34,0.00,Trigo,PROPHET
2020-03-01,55.67,48.43,4.88,0.00,Trigo,PROPHET
2020-04-01,58.56,51.78,5.33,0.00,Trigo,PROPHET
2020-05-01,58.41,53.55,5.64,0.00,Trigo,PROPHET
2020-06-01,56.91,55.34,5.20,0.00,Trigo,PROPHET
2020-07-01,56.99,56.20,5.28,57.97,Trigo,PROPHET
2020-10-01,113.96,112.55,5.63,111.52,Algodao,PROPHET
2020-11-01,125.42,124.65,5.42,123.85,Algodao,PROPHET
2020-12-01,122.79,125.20,5.15,124.08,Algodao,PROPHET
2021-01-01,133.67,134.96,5.36,137.09,Algodao,PROPHET
2021-02-01,152.52,153.29,5.42,155.87,Algodao,PROPHET
2021-03-01,161.68,163.40,5.65,164.80,Algodao,PROPHET
2021-04-01,157.42,159.90,5.56,159.38,Algodao,PROPHET
2021-05-01,166.43,168.03,5.29,169.97,Algodao,PROPHET
2021-06-01,158.30,162.07,5.03,162.48,Algodao,PROPHET
2021-07-01,159.49,161.33,5.16,162.06,Algodao,PROPHET
2021-08-01,168.13,168.52,5.25,169.67,Algodao,PROPHET
2021-09-01,171.07,171.99,5.28,172.67,Algodao,PROPHET
2021-10-01,189.81,185.29,5.54,187.43,Algodao,PROPHET
2021-11-01,195.82,192.51,5.56,193.47,Algodao,PROPHET
2021-12-01,205.79,203.02,5.65,205.45,Algodao,PROPHET
2022-01-01,219.13,214.91,5.53,219.47,Algodao,PROPHET
2022-02-01,225.96,223.40,5.20,226.83,Algodao,PROPHET
2022-03-01,226.30,224.51,4.97,227.11,Algodao,PROPHET
2022-04-01,232.76,231.80,4.76,235.45,Algodao,PROPHET
2022-05-01,256.12,250.33,4.96,255.48,Algodao,PROPHET
2022-06-01,246.81,245.42,5.05,247.13,Algodao,PROPHET
2022-07-01,196.23,202.96,5.37,200.35,Algodao,PROPHET
2022-08-01,201.18,201.47,5.14,202.66,Algodao,PROPHET
2022-09-01,200.79,200.88,5.24,200.59,Algodao,PROPHET
2022-10-01,168.34,173.09,5.25,168.99,Algodao,PROPHET
2022-11-01,166.27,165.18,5.27,163.19,Algodao,PROPHET
2022-12-01,169.92,168.99,5.24,167.64,Algodao,PROPHET
2023-01-01,170.61,172.31,5.20,172.02,Algodao,PROPHET
2023-02-01,167.89,171.75,5.17,170.70,Algodao,PROPHET
2023-03-01,156.59,161.97,5.21,159.61,Algodao,PROPHET
2023-04-01,139.70,148.42,5.02,146.22,Algodao,PROPHET
2023-05-01,123.87,135.95,4.98,131.98,Algodao,PROPHET
2023-06-01,126.59,135.28,4.85,132.42,Algodao,PROPHET
2023-07-01,119.94,128.58,4.80,124.97,Algodao,PROPHET
2023-08-01,127.34,131.39,4.90,128.26,Algodao,PROPHET
2023-09-01,126.81,131.23,4.94,127.70,Algodao,PROPHET
2023-10-01,126.21,131.95,5.06,128.17,Algodao,PROPHET
2023-11-01,121.48,128.65,4.90,124.33,Algodao,PROPHET
2023-12-01,122.04,127.34,4.90,123.05,Algodao,PROPHET
2024-01-01,123.65,127.61,4.91,123.81,Algodao,PROPHET
2024-02-01,127.78,131.12,4.96,127.46,Algodao,PROPHET
2024-03-01,133.65,135.22,4.98,131.41,Algodao,PROPHET
2024-04-01,125.66,131.04,5.13,123.97,Algodao,PROPHET
2024-05-01,121.01,127.74,5.13,123.61,Algodao,PROPHET
2024-06-01,122.93,127.71,5.39,124.21,Algodao,PROPHET
2024-07-01,127.90,132.34,5.54,128.43,Algodao,PROPHET
2024-08-01,126.32,131.66,5.55,126.98,Algodao,PROPHET
2024-09-01,124.22,129.13,5.54,123.47,Algodao,PROPHET
2024-10-01,0.00,106.16,5.98,98.78,Algodao,PROPHET
2024-11-01,0.00,106.79,6.09,99.34,Algodao,PROPHET
2024-12-01,0.00,108.05,6.15,101.35,Algodao,PROPHET
2025-01-01,0.00,111.31,6.14,106.50,Algodao,PROPHET
2025-02-01,0.00,113.91,6.07,108.11,Algodao,PROPHET
2025-03-01,0.00,114.93,6.20,108.38,Algodao,PROPHET
2025-04-01,0.00,115.69,6.22,108.19,Algodao,PROPHET
2025-05-01,0.00,112.60,6.28,105.79,Algodao,PROPHET
2025-06-01,0.00,111.89,6.26,105.31,Algodao,PROPHET
2025-07-01,0.00,110.35,6.27,103.10,Algodao,PROPHET
2025-08-01,0.00,110.25,6.33,102.76,Algodao,PROPHET
2025-09-01,0.00,111.04,6.39,103.17,Algodao,PROPHET
2025-10-01,0.00,110.09,6.33,101.95,Algodao,PROPHET
2025-11-01,0.00,110.73,6.41,102.52,Algodao,PROPHET
2025-12-01,0.00,111.96,6.46,104.24,Algodao,PROPHET
2026-01-01,0.00,115.21,6.47,108.96,Algodao,PROPHET
2026-02-01,0.00,117.79,6.46,110.80,Algodao,PROPHET
2026-03-01,0.00,118.91,6.54,111.40,Algodao,PROPHET
2026-04-01,0.00,119.65,6.55,112.17,Algodao,PROPHET
2026-05-01,0.00,116.52,6.61,108.43,Algodao,PROPHET
2026-06-01,0.00,115.84,6.61,107.88,Algodao,PROPHET
2026-07-01,0.00,114.27,6.60,105.95,Algodao,PROPHET
2026-08-01,0.00,114.19,6.67,105.58,Algodao,PROPHET
2026-09-01,0.00,114.98,6.75,106.38,Algodao,PROPHET
2004-03-01,45.38,50.05,2.91,0.00,Soja,ARIMA
2004-04-01,45.95,48.73,2.91,0.00,Soja,ARIMA
2004-05-01,44.87,47.49,3.10,0.00,Soja,ARIMA
2004-06-01,38.59,40.78,3.13,0.00,Soja,ARIMA
2004-07-01,34.08,37.55,3.04,0.00,Soja,ARIMA
2004-08-01,31.83,34.94,3.00,0.00,Soja,ARIMA
2004-09-01,31.94,35.55,2.89,0.00,Soja,ARIMA
2004-10-01,30.95,32.22,2.85,0.00,Soja,ARIMA
2004-11-01,30.00,31.94,2.79,0.00,Soja,ARIMA
2004-12-01,27.90,29.81,2.72,0.00,Soja,ARIMA
2005-01-01,24.15,27.40,2.69,0.00,Soja,ARIMA
2005-02-01,28.18,31.12,2.60,0.00,Soja,ARIMA
2005-03-01,26.41,30.22,2.70,0.00,Soja,ARIMA
2005-04-01,25.92,28.36,2.58,0.00,Soja,ARIMA
2005-05-01,25.48,29.07,2.45,0.00,Soja,ARIMA
2005-06-01,25.65,28.59,2.41,0.00,Soja,ARIMA
2005-07-01,24.03,27.88,2.37,0.00,Soja,ARIMA
2005-08-01,22.29,26.46,2.36,0.00,Soja,ARIMA
2005-09-01,21.79,25.04,2.29,0.00,Soja,ARIMA
2005-10-01,21.56,24.47,2.26,0.00,Soja,ARIMA
2005-11-01,22.64,25.39,2.21,0.00,Soja,ARIMA
2005-12-01,22.32,25.71,2.29,0.00,Soja,ARIMA
2006-01-01,19.88,24.51,2.27,0.00,Soja,ARIMA
2006-02-01,18.03,22.74,2.16,0.00,Soja,ARIMA
2006-03-01,17.38,22.01,2.15,0.00,Soja,ARIMA
2006-04-01,18.79,22.74,2.13,0.00,Soja,ARIMA
2006-05-01,20.62,23.96,2.18,0.00,Soja,ARIMA
2006-06-01,20.73,23.75,2.25,0.00,Soja,ARIMA
2006-07-01,18.85,23.37,2.19,0.00,Soja,ARIMA
2006-08-01,18.66,23.19,2.16,0.00,Soja,ARIMA
2006-09-01,20.10,24.95,2.17,0.00,Soja,ARIMA
2006-10-01,22.31,27.65,2.15,0.00,Soja,ARIMA
2006-11-01,24.61,28.39,2.16,0.00,Soja,ARIMA
2006-12-01,23.40,27.71,2.15,0.00,Soja,ARIMA
2007-01-01,24.20,28.34,2.14,0.00,Soja,ARIMA
2007-02-01,23.82,28.17,2.10,0.00,Soja,ARIMA
2007-03-01,22.19,26.71,2.09,0.00,Soja,ARIMA
2007-04-01,22.75,26.43,2.03,0.00,Soja,ARIMA
2007-05-01,23.29,27.02,1.98,0.00,Soja,ARIMA
2007-06-01,24.21,27.45,1.93,0.00,Soja,ARIMA
2007-07-01,26.49,29.65,1.88,0.00,Soja,ARIMA
2007-08-01,30.24,33.88,1.97,0.00,Soja,ARIMA
2007-09-01,31.56,35.60,1.90,0.00,Soja,ARIMA
2007-10-01,33.41,37.06,1.80,0.00,Soja,ARIMA
2007-11-01,35.13,38.97,1.77,0.00,Soja,ARIMA
2007-12-01,36.24,40.46,1.79,0.00,Soja,ARIMA
2008-01-01,40.32,43.53,1.77,0.00,Soja,ARIMA
2008-02-01,38.19,43.70,1.73,0.00,Soja,ARIMA
2008-03-01,36.78,41.36,1.71,0.00,Soja,ARIMA
2008-04-01,37.51,41.34,1.69,0.00,Soja,ARIMA
2008-05-01,41.93,44.35,1.66,0.00,Soja,ARIMA
2008-06-01,43.16,46.71,1.62,0.00,Soja,ARIMA
2008-07-01,36.60,40.75,1.59,0.00,Soja,ARIMA
2008-08-01,38.95,41.85,1.61,0.00,Soja,ARIMA
2008-09-01,37.61,41.21,1.80,0.00,Soja,ARIMA
2008-10-01,38.32,41.39,2.17,0.00,Soja,ARIMA
2008-11-01,35.71,41.06,2.27,0.00,Soja,ARIMA
2008-12-01,39.25,43.34,2.39,0.00,Soja,ARIMA
2009-01-01,37.83,44.22,2.31,0.00,Soja,ARIMA
2009-02-01,36.25,41.26,2.31,0.00,Soja,ARIMA
2009-03-01,38.95,43.65,2.31,0.00,Soja,ARIMA
2009-04-01,41.44,45.49,2.21,0.00,Soja,ARIMA
2009-05-01,41.48,45.23,2.06,0.00,Soja,ARIMA
2009-06-01,39.31,42.87,1.96,0.00,Soja,ARIMA
2009-07-01,40.78,42.99,1.93,0.00,Soja,ARIMA
2009-08-01,39.26,41.83,1.85,0.00,Soja,ARIMA
2009-09-01,37.93,41.12,1.82,0.00,Soja,ARIMA
2009-10-01,38.22,40.95,1.74,0.00,Soja,ARIMA
2009-11-01,36.15,40.49,1.73,0.00,Soja,ARIMA
2009-12-01,31.18,38.42,1.75,0.00,Soja,ARIMA
2010-01-01,27.25,34.68,1.78,0.00,Soja,ARIMA
2010-02-01,26.00,32.04,1.84,0.00,Soja,ARIMA
2010-03-01,27.27,31.63,1.79,0.00,Soja,ARIMA
2010-04-01,28.51,31.97,1.76,0.00,Soja,ARIMA
2010-05-01,29.83,32.51,1.81,0.00,Soja,ARIMA
2010-06-01,32.12,34.14,1.81,0.00,Soja,ARIMA
2010-07-01,35.27,36.85,1.77,0.00,Soja,ARIMA
2010-08-01,37.27,38.05,1.76,0.00,Soja,ARIMA
2010-09-01,39.89,39.83,1.72,0.00,Soja,ARIMA
2010-10-01,43.84,42.95,1.68,0.00,Soja,ARIMA
2010-11-01,43.92,44.16,1.71,0.00,Soja,ARIMA
2010-12-01,42.27,44.69,1.69,0.00,Soja,ARIMA
2011-01-01,40.80,44.88,1.67,0.00,Soja,ARIMA
2011-02-01,38.93,43.05,1.67,0.00,Soja,ARIMA
2011-03-01,37.00,41.60,1.66,0.00,Soja,ARIMA
2011-04-01,37.71,40.27,1.59,0.00,Soja,ARIMA
2011-05-01,38.42,40.68,1.61,0.00,Soja,ARIMA
2011-06-01,38.59,40.56,1.59,0.00,Soja,ARIMA
2011-07-01,40.05,41.34,1.56,0.00,Soja,ARIMA
2011-08-01,42.11,43.74,1.60,0.00,Soja,ARIMA
2011-09-01,40.38,42.26,1.75,0.00,Soja,ARIMA
2011-10-01,38.90,41.32,1.77,0.00,Soja,ARIMA
2011-11-01,37.78,40.81,1.79,0.00,Soja,ARIMA
2011-12-01,38.88,41.97,1.84,0.00,Soja,ARIMA
2012-01-01,38.54,42.29,1.79,0.00,Soja,ARIMA
2012-02-01,43.74,45.81,1.72,0.00,Soja,ARIMA
2012-03-01,49.05,50.96,1.80,0.00,Soja,ARIMA
2012-04-01,53.75,53.98,1.85,0.00,Soja,ARIMA
2012-05-01,58.04,56.67,1.99,0.00,Soja,ARIMA
2012-06-01,66.83,65.18,2.05,0.00,Soja,ARIMA
2012-07-01,71.19,71.85,2.03,0.00,Soja,ARIMA
2012-08-01,72.55,75.01,2.03,0.00,Soja,ARIMA
2012-09-01,67.65,69.36,2.03,0.00,Soja,ARIMA
2012-10-01,66.41,66.99,2.03,0.00,Soja,ARIMA
2012-11-01,65.57,66.80,2.07,0.00,Soja,ARIMA
2012-12-01,53.45,60.11,2.08,0.00,Soja,ARIMA
2013-01-01,47.72,56.73,2.03,0.00,Soja,ARIMA
2013-02-01,45.33,54.25,1.97,0.00,Soja,ARIMA
2013-03-01,43.35,51.26,1.98,0.00,Soja,ARIMA
2013-04-01,48.27,52.75,2.00,0.00,Soja,ARIMA
2013-05-01,54.33,58.30,2.03,0.00,Soja,ARIMA
2013-06-01,54.30,60.08,2.17,0.00,Soja,ARIMA
2013-07-01,54.64,59.05,2.25,0.00,Soja,ARIMA
2013-08-01,59.05,63.17,2.34,0.00,Soja,ARIMA
2013-09-01,59.65,63.44,2.27,0.00,Soja,ARIMA
2013-10-01,61.71,64.85,2.19,0.00,Soja,ARIMA
2013-11-01,61.91,65.19,2.30,0.00,Soja,ARIMA
2013-12-01,55.07,61.89,2.35,0.00,Soja,ARIMA
2014-01-01,53.78,61.32,2.38,0.00,Soja,ARIMA
2014-02-01,55.12,62.84,2.38,0.00,Soja,ARIMA
2014-03-01,55.64,61.42,2.33,0.00,Soja,ARIMA
2014-04-01,57.38,61.45,2.23,0.00,Soja,ARIMA
2014-05-01,57.36,61.40,2.22,0.00,Soja,ARIMA
2014-06-01,55.03,57.80,2.24,0.00,Soja,ARIMA
2014-07-01,56.43,57.56,2.22,0.00,Soja,ARIMA
2014-08-01,53.71,54.15,2.27,0.00,Soja,ARIMA
2014-09-01,53.62,54.20,2.33,0.00,Soja,ARIMA
2014-10-01,56.62,57.47,2.45,0.00,Soja,ARIMA
2014-11-01,56.53,58.52,2.55,0.00,Soja,ARIMA
2014-12-01,53.25,56.69,2.64,0.00,Soja,ARIMA
2015-01-01,51.14,55.67,2.63,0.00,Soja,ARIMA
2015-02-01,55.71,60.02,2.82,0.00,Soja,ARIMA
2015-03-01,55.36,59.12,3.14,0.00,Soja,ARIMA
2015-04-01,54.08,57.26,3.04,0.00,Soja,ARIMA
2015-05-01,54.30,57.96,3.06,0.00,Soja,ARIMA
2015-06-01,57.26,61.56,3.11,0.00,Soja,ARIMA
2015-07-01,59.75,64.81,3.22,0.00,Soja,ARIMA
2015-08-01,65.72,69.06,3.51,0.00,Soja,ARIMA
2015-09-01,67.88,72.06,3.91,0.00,Soja,ARIMA
2015-10-01,65.43,71.21,3.88,0.00,Soja,ARIMA
2015-11-01,65.23,70.21,3.78,0.00,Soja,ARIMA
2015-12-01,66.76,71.67,3.87,0.00,Soja,ARIMA
2016-01-01,62.99,70.15,4.05,0.00,Soja,ARIMA
2016-02-01,58.94,65.52,3.97,0.00,Soja,ARIMA
2016-03-01,61.51,65.06,3.70,0.00,Soja,ARIMA
2016-04-01,73.75,72.32,3.57,0.00,Soja,ARIMA
2016-05-01,83.20,80.70,3.54,0.00,Soja,ARIMA
2016-06-01,75.24,76.10,3.42,0.00,Soja,ARIMA
2016-07-01,71.22,70.97,3.28,0.00,Soja,ARIMA
2016-08-01,70.64,70.56,3.21,0.00,Soja,ARIMA
2016-09-01,71.08,69.53,3.26,0.00,Soja,ARIMA
2016-10-01,67.49,69.11,3.19,0.00,Soja,ARIMA
2016-11-01,65.45,69.94,3.34,0.00,Soja,ARIMA
2016-12-01,62.30,67.18,3.35,0.00,Soja,ARIMA
2017-01-01,58.88,64.27,3.20,0.00,Soja,ARIMA
2017-02-01,55.73,61.42,3.10,0.00,Soja,ARIMA
2017-03-01,51.01,55.75,3.13,0.00,Soja,ARIMA
2017-04-01,54.46,57.92,3.14,0.00,Soja,ARIMA
2017-05-01,54.41,58.30,3.21,0.00,Soja,ARIMA
2017-06-01,56.14,60.31,3.30,0.00,Soja,ARIMA
2017-07-01,54.08,58.54,3.21,0.00,Soja,ARIMA
2017-08-01,55.61,58.90,3.15,0.00,Soja,ARIMA
2017-09-01,57.44,60.40,3.13,0.00,Soja,ARIMA
2017-10-01,58.85,62.46,3.19,0.00,Soja,ARIMA
2017-11-01,59.02,63.35,3.26,0.00,Soja,ARIMA
2017-12-01,57.58,61.95,3.29,0.00,Soja,ARIMA
2018-01-01,58.93,62.41,3.21,0.00,Soja,ARIMA
2018-02-01,62.99,67.28,3.24,0.00,Soja,ARIMA
2018-03-01,67.80,72.28,3.28,0.00,Soja,ARIMA
2018-04-01,70.79,74.33,3.41,0.00,Soja,ARIMA
2018-05-01,71.61,72.07,3.64,0.00,Soja,ARIMA
2018-06-01,69.96,73.84,3.77,0.00,Soja,ARIMA
2018-07-01,71.62,75.86,3.83,0.00,Soja,ARIMA
2018-08-01,74.56,79.53,3.93,0.00,Soja,ARIMA
2018-09-01,71.95,77.86,4.12,0.00,Soja,ARIMA
2018-10-01,67.35,74.03,3.76,0.00,Soja,ARIMA
2018-11-01,66.00,72.16,3.79,0.00,Soja,ARIMA
2018-12-01,62.22,69.28,3.89,0.00,Soja,ARIMA
2019-01-01,62.38,67.59,3.74,0.00,Soja,ARIMA
2019-02-01,64.10,69.13,3.72,0.00,Soja,ARIMA
2019-03-01,63.82,67.68,3.85,0.00,Soja,ARIMA
2019-04-01,63.16,66.16,3.90,0.00,Soja,ARIMA
2019-05-01,65.23,70.15,4.00,0.00,Soja,ARIMA
2019-06-01,63.97,68.43,3.86,0.00,Soja,ARIMA
2019-07-01,69.44,71.63,3.78,0.00,Soja,ARIMA
2019-08-01,73.74,75.77,4.02,0.00,Soja,ARIMA
2019-09-01,74.51,76.95,4.12,0.00,Soja,ARIMA
2019-10-01,76.91,78.01,4.09,0.00,Soja,ARIMA
2019-11-01,77.66,78.68,4.16,0.00,Soja,ARIMA
2019-12-01,74.70,77.48,4.11,0.00,Soja,ARIMA
2020-01-01,73.45,76.64,4.15,0.00,Soja,ARIMA
2020-02-01,79.89,81.88,4.34,0.00,Soja,ARIMA
2020-03-01,87.67,87.71,4.88,0.00,Soja,ARIMA
2020-04-01,95.63,94.78,5.33,0.00,Soja,ARIMA
2020-05-01,95.61,95.83,5.64,0.00,Soja,ARIMA
2020-06-01,104.06,102.93,5.20,0.00,Soja,ARIMA
2020-07-01,117.02,113.34,5.28,110.96,Soja,ARIMA
2020-08-01,130.84,128.30,5.46,125.33,Soja,ARIMA
2020-09-01,156.80,147.41,5.40,141.76,Soja,ARIMA
2020-10-01,169.19,157.40,5.63,154.40,Soja,ARIMA
2020-11-01,147.91,140.93,5.42,144.32,Soja,ARIMA
2020-12-01,147.66,148.77,5.15,145.35,Soja,ARIMA
2021-01-01,150.39,154.53,5.36,149.59,Soja,ARIMA
2021-02-01,156.56,158.79,5.42,153.33,Soja,ARIMA
2021-03-01,160.89,163.29,5.65,158.08,Soja,ARIMA
2021-04-01,162.83,164.07,5.56,159.54,Soja,ARIMA
2021-05-01,149.74,152.11,5.29,150.86,Soja,ARIMA
2021-06-01,153.24,151.79,5.03,147.69,Soja,ARIMA
2021-07-01,164.32,158.44,5.16,153.48,Soja,ARIMA
2021-08-01,163.28,159.30,5.25,156.54,Soja,ARIMA
2021-09-01,159.13,160.01,5.28,156.85,Soja,ARIMA
2021-10-01,150.71,156.22,5.54,153.23,Soja,ARIMA
2021-11-01,147.78,158.54,5.56,153.17,Soja,ARIMA
2021-12-01,157.66,168.35,5.65,159.94,Soja,ARIMA
2022-01-01,172.87,183.75,5.53,173.56,Soja,ARIMA
2022-02-01,179.29,192.00,5.20,182.87,Soja,ARIMA
2022-03-01,163.83,175.30,4.97,171.63,Soja,ARIMA
2022-04-01,169.63,179.88,4.76,171.66,Soja,ARIMA
2022-05-01,167.08,177.16,4.96,170.95,Soja,ARIMA
2022-06-01,162.76,173.12,5.05,167.41,Soja,ARIMA
2022-07-01,160.77,170.17,5.37,164.70,Soja,ARIMA
2022-08-01,160.68,169.26,5.14,163.17,Soja,ARIMA
2022-09-01,160.13,167.21,5.24,161.38,Soja,ARIMA
2022-10-01,166.42,170.19,5.25,162.95,Soja,ARIMA
2022-11-01,161.23,167.87,5.27,162.42,Soja,ARIMA
2022-12-01,153.84,164.90,5.24,157.69,Soja,ARIMA
2023-01-01,146.95,159.62,5.20,152.36,Soja,ARIMA
2023-02-01,140.09,151.79,5.17,145.54,Soja,ARIMA
2023-03-01,125.23,135.93,5.21,133.64,Soja,ARIMA
2023-04-01,112.07,122.05,5.02,119.82,Soja,ARIMA
2023-05-01,107.77,119.32,4.98,114.93,Soja,ARIMA
2023-06-01,110.87,126.52,4.85,119.36,Soja,ARIMA
2023-07-01,117.40,130.76,4.80,123.18,Soja,ARIMA
2023-08-01,119.25,130.98,4.90,124.79,Soja,ARIMA
2023-09-01,119.63,128.00,4.94,122.97,Soja,ARIMA
2023-10-01,121.24,130.54,5.06,125.00,Soja,ARIMA
2023-11-01,122.95,130.42,4.90,125.19,Soja,ARIMA
2023-12-01,107.74,116.93,4.90,115.44,Soja,ARIMA
2024-01-01,97.64,105.35,4.91,103.50,Soja,ARIMA
2024-02-01,103.25,106.57,4.96,102.27,Soja,ARIMA
2024-03-01,108.18,113.13,4.98,108.40,Soja,ARIMA
2024-04-01,114.00,118.23,5.13,113.35,Soja,ARIMA
2024-05-01,118.97,121.40,5.13,116.97,Soja,ARIMA
2024-06-01,120.04,121.73,5.39,118.39,Soja,ARIMA
2024-07-01,117.55,119.20,5.54,115.78,Soja,ARIMA
2024-08-01,123.72,123.66,5.55,119.59,Soja,ARIMA
2004-03-01,16.99,17.57,2.91,0.00,Milho,ARIMA
2004-04-01,19.89,19.49,2.91,0.00,Milho,ARIMA
2004-05-01,19.80,20.25,3.10,0.00,Milho,ARIMA
2004-06-01,17.93,19.01,3.13,0.00,Milho,ARIMA
2004-07-01,16.49,17.71,3.04,0.00,Milho,ARIMA
2004-08-01,15.48,16.91,3.00,0.00,Milho,ARIMA
2004-09-01,15.63,16.98,2.89,0.00,Milho,ARIMA
2004-10-01,14.83,16.41,2.85,0.00,Milho,ARIMA
2004-11-01,14.69,15.78,2.79,0.00,Milho,ARIMA
2004-12-01,14.11,15.68,2.72,0.00,Milho,ARIMA
2005-01-01,14.10,15.91,2.69,0.00,Milho,ARIMA
2005-02-01,16.54,17.15,2.60,0.00,Milho,ARIMA
2005-03-01,17.30,17.94,2.70,0.00,Milho,ARIMA
2005-04-01,16.82,17.63,2.58,0.00,Milho,ARIMA
2005-05-01,16.71,17.26,2.45,0.00,Milho,ARIMA
2005-06-01,16.65,17.16,2.41,0.00,Milho,ARIMA
2005-07-01,15.67,16.93,2.37,0.00,Milho,ARIMA
2005-08-01,15.41,16.51,2.36,0.00,Milho,ARIMA
2005-09-01,14.02,15.63,2.29,0.00,Milho,ARIMA
2005-10-01,12.48,14.51,2.26,0.00,Milho,ARIMA
2005-11-01,12.16,14.03,2.21,0.00,Milho,ARIMA
2005-12-01,12.51,14.64,2.29,0.00,Milho,ARIMA
2006-01-01,13.20,14.73,2.27,0.00,Milho,ARIMA
2006-02-01,11.37,13.51,2.16,0.00,Milho,ARIMA
2006-03-01,10.87,12.57,2.15,0.00,Milho,ARIMA
2006-04-01,12.24,13.42,2.13,0.00,Milho,ARIMA
2006-05-01,13.18,14.53,2.18,0.00,Milho,ARIMA
2006-06-01,13.03,14.44,2.25,0.00,Milho,ARIMA
2006-07-01,12.55,13.91,2.19,0.00,Milho,ARIMA
2006-08-01,12.75,14.20,2.16,0.00,Milho,ARIMA
2006-09-01,13.91,15.64,2.17,0.00,Milho,ARIMA
2006-10-01,16.19,17.27,2.15,0.00,Milho,ARIMA
2006-11-01,17.73,18.44,2.16,0.00,Milho,ARIMA
2006-12-01,18.08,18.71,2.15,0.00,Milho,ARIMA
2007-01-01,17.30,18.33,2.14,0.00,Milho,ARIMA
2007-02-01,17.07,17.86,2.10,0.00,Milho,ARIMA
2007-03-01,15.28,16.92,2.09,0.00,Milho,ARIMA
2007-04-01,14.81,16.51,2.03,0.00,Milho,ARIMA
2007-05-01,14.83,16.48,1.98,0.00,Milho,ARIMA
2007-06-01,14.74,16.56,1.93,0.00,Milho,ARIMA
2007-07-01,16.67,17.88,1.88,0.00,Milho,ARIMA
2007-08-01,20.17,20.78,1.97,0.00,Milho,ARIMA
2007-09-01,19.96,21.55,1.90,0.00,Milho,ARIMA
2007-10-01,22.13,23.43,1.80,0.00,Milho,ARIMA
2007-11-01,24.96,26.27,1.77,0.00,Milho,ARIMA
2007-12-01,22.81,25.37,1.79,0.00,Milho,ARIMA
2008-01-01,21.37,24.09,1.77,0.00,Milho,ARIMA
2008-02-01,20.50,23.99,1.73,0.00,Milho,ARIMA
2008-03-01,20.18,23.68,1.71,0.00,Milho,ARIMA
2008-04-01,20.61,23.64,1.69,0.00,Milho,ARIMA
2008-05-01,19.83,23.20,1.66,0.00,Milho,ARIMA
2008-06-01,21.98,24.20,1.62,0.00,Milho,ARIMA
2008-07-01,19.04,21.90,1.59,0.00,Milho,ARIMA
2008-08-01,18.11,20.78,1.61,0.00,Milho,ARIMA
2008-09-01,17.34,19.66,1.80,0.00,Milho,ARIMA
2008-10-01,16.20,18.31,2.17,0.00,Milho,ARIMA
2008-11-01,15.55,18.23,2.27,0.00,Milho,ARIMA
2008-12-01,17.17,20.34,2.39,0.00,Milho,ARIMA
2009-01-01,17.89,20.59,2.31,0.00,Milho,ARIMA
2009-02-01,16.63,18.94,2.31,0.00,Milho,ARIMA
2009-03-01,16.67,18.45,2.31,0.00,Milho,ARIMA
2009-04-01,17.58,19.20,2.21,0.00,Milho,ARIMA
2009-05-01,17.48,19.42,2.06,0.00,Milho,ARIMA
2009-06-01,15.96,18.33,1.96,0.00,Milho,ARIMA
2009-07-01,15.07,17.58,1.93,0.00,Milho,ARIMA
2009-08-01,14.77,16.83,1.85,0.00,Milho,ARIMA
2009-09-01,15.06,16.59,1.82,0.00,Milho,ARIMA
2009-10-01,15.61,17.12,1.74,0.00,Milho,ARIMA
2009-11-01,15.04,16.76,1.73,0.00,Milho,ARIMA
2009-12-01,14.79,16.55,1.75,0.00,Milho,ARIMA
2010-01-01,14.47,15.67,1.78,0.00,Milho,ARIMA
2010-02-01,14.06,15.35,1.84,0.00,Milho,ARIMA
2010-03-01,13.82,15.21,1.79,0.00,Milho,ARIMA
2010-04-01,13.84,15.23,1.76,0.00,Milho,ARIMA
2010-05-01,14.17,15.64,1.81,0.00,Milho,ARIMA
2010-06-01,13.43,15.35,1.81,0.00,Milho,ARIMA
2010-07-01,14.09,16.27,1.77,0.00,Milho,ARIMA
2010-08-01,16.35,18.32,1.76,0.00,Milho,ARIMA
2010-09-01,18.06,20.07,1.72,0.00,Milho,ARIMA
2010-10-01,20.03,22.11,1.68,0.00,Milho,ARIMA
2010-11-01,19.97,22.68,1.71,0.00,Milho,ARIMA
2010-12-01,20.68,23.35,1.69,0.00,Milho,ARIMA
2011-01-01,22.34,24.80,1.67,0.00,Milho,ARIMA
2011-02-01,23.05,25.02,1.67,0.00,Milho,ARIMA
2011-03-01,23.79,25.44,1.66,0.00,Milho,ARIMA
2011-04-01,23.64,25.16,1.59,0.00,Milho,ARIMA
2011-05-01,23.79,25.21,1.61,0.00,Milho,ARIMA
2011-06-01,23.89,25.07,1.59,0.00,Milho,ARIMA
2011-07-01,22.97,24.87,1.56,0.00,Milho,ARIMA
2011-08-01,23.05,25.04,1.60,0.00,Milho,ARIMA
2011-09-01,22.20,24.80,1.75,0.00,Milho,ARIMA
2011-10-01,22.03,24.64,1.77,0.00,Milho,ARIMA
2011-11-01,20.54,23.75,1.79,0.00,Milho,ARIMA
2011-12-01,22.09,24.81,1.84,0.00,Milho,ARIMA
2012-01-01,23.35,25.41,1.79,0.00,Milho,ARIMA
2012-02-01,22.97,25.14,1.72,0.00,Milho,ARIMA
2012-03-01,21.92,24.04,1.80,0.00,Milho,ARIMA
2012-04-01,20.88,22.46,1.85,0.00,Milho,ARIMA
2012-05-01,20.37,21.84,1.99,0.00,Milho,ARIMA
2012-06-01,22.70,22.91,2.05,0.00,Milho,ARIMA
2012-07-01,26.97,26.15,2.03,0.00,Milho,ARIMA
2012-08-01,25.77,26.70,2.03,0.00,Milho,ARIMA
2012-09-01,24.69,26.44,2.03,0.00,Milho,ARIMA
2012-10-01,26.35,27.33,2.03,0.00,Milho,ARIMA
2012-11-01,27.81,28.45,2.07,0.00,Milho,ARIMA
2012-12-01,26.40,27.77,2.08,0.00,Milho,ARIMA
2013-01-01,25.84,27.66,2.03,0.00,Milho,ARIMA
2013-02-01,23.65,26.54,1.97,0.00,Milho,ARIMA
2013-03-01,20.36,24.15,1.98,0.00,Milho,ARIMA
2013-04-01,19.46,22.64,2.00,0.00,Milho,ARIMA
2013-05-01,20.06,22.02,2.03,0.00,Milho,ARIMA
2013-06-01,19.66,21.51,2.17,0.00,Milho,ARIMA
2013-07-01,17.92,20.47,2.25,0.00,Milho,ARIMA
2013-08-01,18.20,20.64,2.34,0.00,Milho,ARIMA
2013-09-01,17.72,20.51,2.27,0.00,Milho,ARIMA
2013-10-01,17.93,20.78,2.19,0.00,Milho,ARIMA
2013-11-01,18.95,21.19,2.30,0.00,Milho,ARIMA
2013-12-01,19.74,21.65,2.35,0.00,Milho,ARIMA
2014-01-01,20.84,22.27,2.38,0.00,Milho,ARIMA
2014-02-01,23.34,23.80,2.38,0.00,Milho,ARIMA
2014-03-01,23.46,24.66,2.33,0.00,Milho,ARIMA
2014-04-01,22.48,23.85,2.23,0.00,Milho,ARIMA
2014-05-01,20.60,22.28,2.22,0.00,Milho,ARIMA
2014-06-01,19.05,20.47,2.24,0.00,Milho,ARIMA
2014-07-01,18.62,19.86,2.22,0.00,Milho,ARIMA
2014-08-01,18.23,19.60,2.27,0.00,Milho,ARIMA
2014-09-01,18.04,19.75,2.33,0.00,Milho,ARIMA
2014-10-01,19.77,21.64,2.45,0.00,Milho,ARIMA
2014-11-01,21.61,22.99,2.55,0.00,Milho,ARIMA
2014-12-01,21.38,22.84,2.64,0.00,Milho,ARIMA
2015-01-01,21.05,22.46,2.63,0.00,Milho,ARIMA
2015-02-01,21.84,22.95,2.82,0.00,Milho,ARIMA
2015-03-01,21.75,22.92,3.14,0.00,Milho,ARIMA
2015-04-01,20.09,21.59,3.04,0.00,Milho,ARIMA
2015-05-01,19.78,20.93,3.06,0.00,Milho,ARIMA
2015-06-01,20.99,21.29,3.11,0.00,Milho,ARIMA
2015-07-01,21.48,22.00,3.22,0.00,Milho,ARIMA
2015-08-01,22.82,23.80,3.51,0.00,Milho,ARIMA
2015-09-01,25.19,26.12,3.91,0.00,Milho,ARIMA
2015-10-01,25.12,26.90,3.88,0.00,Milho,ARIMA
2015-11-01,25.07,27.76,3.78,0.00,Milho,ARIMA
2015-12-01,28.20,30.05,3.87,0.00,Milho,ARIMA
2016-01-01,33.16,34.16,4.05,0.00,Milho,ARIMA
2016-02-01,33.91,36.46,3.97,0.00,Milho,ARIMA
2016-03-01,36.51,39.62,3.70,0.00,Milho,ARIMA
2016-04-01,39.73,43.58,3.57,0.00,Milho,ARIMA
2016-05-01,40.15,44.44,3.54,0.00,Milho,ARIMA
2016-06-01,34.80,40.83,3.42,0.00,Milho,ARIMA
2016-07-01,36.23,41.49,3.28,0.00,Milho,ARIMA
2016-08-01,32.71,39.52,3.21,0.00,Milho,ARIMA
2016-09-01,33.35,38.64,3.26,0.00,Milho,ARIMA
2016-10-01,30.89,36.60,3.19,0.00,Milho,ARIMA
2016-11-01,29.85,33.69,3.34,0.00,Milho,ARIMA
2016-12-01,28.60,31.29,3.35,0.00,Milho,ARIMA
2017-01-01,26.49,28.63,3.20,0.00,Milho,ARIMA
2017-02-01,24.47,26.22,3.10,0.00,Milho,ARIMA
2017-03-01,21.84,23.15,3.13,0.00,Milho,ARIMA
2017-04-01,21.42,22.18,3.14,0.00,Milho,ARIMA
2017-05-01,20.93,21.38,3.21,0.00,Milho,ARIMA
2017-06-01,20.00,20.69,3.30,0.00,Milho,ARIMA
2017-07-01,18.43,20.40,3.21,0.00,Milho,ARIMA
2017-08-01,19.56,21.78,3.15,0.00,Milho,ARIMA
2017-09-01,21.41,23.66,3.13,0.00,Milho,ARIMA
2017-10-01,22.56,24.74,3.19,0.00,Milho,ARIMA
2017-11-01,23.51,25.25,3.26,0.00,Milho,ARIMA
2017-12-01,23.78,25.62,3.29,0.00,Milho,ARIMA
2018-01-01,23.86,25.93,3.21,0.00,Milho,ARIMA
2018-02-01,28.89,29.29,3.24,0.00,Milho,ARIMA
2018-03-01,31.93,32.27,3.28,0.00,Milho,ARIMA
2018-04-01,32.89,33.07,3.41,0.00,Milho,ARIMA
2018-05-01,33.73,33.40,3.64,0.00,Milho,ARIMA
2018-06-01,31.06,31.57,3.77,0.00,Milho,ARIMA
2018-07-01,32.58,33.19,3.83,0.00,Milho,ARIMA
2018-08-01,33.26,34.72,3.93,0.00,Milho,ARIMA
2018-09-01,30.74,32.94,4.12,0.00,Milho,ARIMA
2018-10-01,28.31,31.06,3.76,0.00,Milho,ARIMA
2018-11-01,28.96,31.07,3.79,0.00,Milho,ARIMA
2018-12-01,29.84,31.11,3.89,0.00,Milho,ARIMA
2019-01-01,31.16,31.59,3.74,0.00,Milho,ARIMA
2019-02-01,31.66,32.12,3.72,0.00,Milho,ARIMA
2019-03-01,28.71,31.14,3.85,0.00,Milho,ARIMA
2019-04-01,26.83,29.42,3.90,0.00,Milho,ARIMA
2019-05-01,29.73,30.43,4.00,0.00,Milho,ARIMA
2019-06-01,30.14,31.04,3.86,0.00,Milho,ARIMA
2019-07-01,29.14,30.82,3.78,0.00,Milho,ARIMA
2019-08-01,28.46,30.87,4.02,0.00,Milho,ARIMA
2019-09-01,31.44,32.71,4.12,0.00,Milho,ARIMA
2019-10-01,33.74,34.75,4.09,0.00,Milho,ARIMA
2019-11-01,36.50,37.34,4.16,0.00,Milho,ARIMA
2019-12-01,39.05,40.24,4.11,0.00,Milho,ARIMA
2020-01-01,40.14,43.14,4.15,0.00,Milho,ARIMA
2020-02-01,41.94,44.55,4.34,0.00,Milho,ARIMA
2020-03-01,41.84,44.72,4.88,0.00,Milho,ARIMA
2020-04-01,40.21,42.63,5.33,0.00,Milho,ARIMA
2020-05-01,39.54,41.34,5.64,0.00,Milho,ARIMA
2020-06-01,41.50,42.00,5.20,0.00,Milho,ARIMA
2020-07-01,45.27,45.84,5.28,44.14,Milho,ARIMA
2020-08-01,50.01,51.58,5.46,48.72,Milho,ARIMA
2020-09-01,57.24,60.42,5.40,55.88,Milho,ARIMA
2020-10-01,67.78,72.02,5.63,65.73,Milho,ARIMA
2020-11-01,64.79,69.21,5.42,64.46,Milho,ARIMA
2020-12-01,70.37,72.58,5.15,66.57,Milho,ARIMA
2021-01-01,73.25,75.30,5.36,69.34,Milho,ARIMA
2021-02-01,76.70,76.68,5.42,70.74,Milho,ARIMA
2021-03-01,86.88,82.70,5.65,75.90,Milho,ARIMA
2021-04-01,93.36,88.83,5.56,81.74,Milho,ARIMA
2021-05-01,81.48,82.35,5.29,77.29,Milho,ARIMA
2021-06-01,83.80,83.71,5.03,76.82,Milho,ARIMA
2021-07-01,93.10,89.09,5.16,81.49,Milho,ARIMA
2021-08-01,86.50,85.34,5.25,79.64,Milho,ARIMA
2021-09-01,85.23,83.04,5.28,77.10,Milho,ARIMA
2021-10-01,78.65,79.59,5.54,74.32,Milho,ARIMA
2021-11-01,80.51,79.51,5.56,73.52,Milho,ARIMA
2021-12-01,87.22,86.19,5.65,79.04,Milho,ARIMA
2022-01-01,91.67,89.46,5.53,82.30,Milho,ARIMA
2022-02-01,93.68,89.66,5.20,82.78,Milho,ARIMA
2022-03-01,80.02,82.17,4.97,77.02,Milho,ARIMA
2022-04-01,81.32,81.66,4.76,74.98,Milho,ARIMA
2022-05-01,80.87,79.74,4.96,73.71,Milho,ARIMA
2022-06-01,76.22,76.48,5.05,71.03,Milho,ARIMA
2022-07-01,76.03,76.63,5.37,70.92,Milho,ARIMA
2022-08-01,76.74,78.13,5.14,71.94,Milho,ARIMA
2022-09-01,77.08,77.96,5.24,71.92,Milho,ARIMA
2022-10-01,77.42,78.21,5.25,72.12,Milho,ARIMA
2022-11-01,75.73,77.31,5.27,71.46,Milho,ARIMA
2022-12-01,77.40,78.22,5.24,71.88,Milho,ARIMA
2023-01-01,76.49,76.94,5.20,71.02,Milho,ARIMA
2023-02-01,75.17,74.78,5.17,69.28,Milho,ARIMA
2023-03-01,66.38,67.89,5.21,63.79,Milho,ARIMA
2023-04-01,50.60,54.87,5.02,52.45,Milho,ARIMA
2023-05-01,47.36,48.96,4.98,45.98,Milho,ARIMA
2023-06-01,46.58,47.85,4.85,44.71,Milho,ARIMA
2023-07-01,45.61,47.30,4.80,44.23,Milho,ARIMA
2023-08-01,44.12,47.73,4.90,44.53,Milho,ARIMA
2023-09-01,45.06,48.11,4.94,44.67,Milho,ARIMA
2023-10-01,45.95,50.30,5.06,46.56,Milho,ARIMA
2023-11-01,50.48,56.47,4.90,51.46,Milho,ARIMA
2023-12-01,50.84,57.74,4.90,52.96,Milho,ARIMA
2024-01-01,49.63,53.70,4.91,49.82,Milho,ARIMA
2024-02-01,47.60,52.25,4.96,48.58,Milho,ARIMA
2024-03-01,49.06,51.92,4.98,48.10,Milho,ARIMA
2024-04-01,50.40,52.43,5.13,48.70,Milho,ARIMA
2024-05-01,50.49,52.55,5.13,48.93,Milho,ARIMA
2024-06-01,49.24,51.44,5.39,48.20,Milho,ARIMA
2024-07-01,50.52,52.66,5.54,49.10,Milho,ARIMA
2024-08-01,51.74,54.56,5.55,50.75,Milho,ARIMA
2004-03-01,25.00,24.29,2.91,0.00,Trigo,ARIMA
2004-04-01,27.34,26.45,2.91,0.00,Trigo,ARIMA
2004-05-01,29.68,28.63,3.10,0.00,Trigo,ARIMA
2004-06-01,30.26,29.91,3.13,0.00,Trigo,ARIMA
2004-07-01,27.54,27.79,3.04,0.00,Trigo,ARIMA
2004-08-01,25.11,25.26,3.00,0.00,Trigo,ARIMA
2004-09-01,23.15,23.53,2.89,0.00,Trigo,ARIMA
2004-10-01,21.47,21.75,2.85,0.00,Trigo,ARIMA
2004-11-01,21.13,20.92,2.79,0.00,Trigo,ARIMA
2004-12-01,19.76,29.81,2.72,0.00,Trigo,ARIMA
2005-01-01,19.83,19.61,2.69,0.00,Trigo,ARIMA
2005-02-01,21.77,21.32,2.60,0.00,Trigo,ARIMA
2005-03-01,23.73,23.55,2.70,0.00,Trigo,ARIMA
2005-04-01,23.44,23.29,2.58,0.00,Trigo,ARIMA
2005-05-01,20.94,21.09,2.45,0.00,Trigo,ARIMA
2005-06-01,20.28,20.37,2.41,0.00,Trigo,ARIMA
2005-07-01,20.27,19.97,2.37,0.00,Trigo,ARIMA
2005-08-01,19.13,18.86,2.36,0.00,Trigo,ARIMA
2005-09-01,18.38,17.93,2.29,0.00,Trigo,ARIMA
2005-10-01,18.42,18.11,2.26,0.00,Trigo,ARIMA
2005-11-01,19.66,19.03,2.21,0.00,Trigo,ARIMA
2005-12-01,19.98,19.37,2.29,0.00,Trigo,ARIMA
2006-01-01,19.98,19.44,2.27,0.00,Trigo,ARIMA
2006-02-01,19.34,19.01,2.16,0.00,Trigo,ARIMA
2006-03-01,19.15,18.76,2.15,0.00,Trigo,ARIMA
2006-04-01,19.24,18.86,2.13,0.00,Trigo,ARIMA
2006-05-01,19.45,19.24,2.18,0.00,Trigo,ARIMA
2006-06-01,19.76,19.52,2.25,0.00,Trigo,ARIMA
2006-07-01,20.34,19.98,2.19,0.00,Trigo,ARIMA
2006-08-01,21.51,21.14,2.16,0.00,Trigo,ARIMA
2006-09-01,25.23,24.71,2.17,0.00,Trigo,ARIMA
2006-10-01,27.74,27.12,2.15,0.00,Trigo,ARIMA
2006-11-01,27.10,26.46,2.16,0.00,Trigo,ARIMA
2006-12-01,26.32,25.66,2.15,0.00,Trigo,ARIMA
2007-01-01,25.66,25.71,2.14,0.00,Trigo,ARIMA
2007-02-01,24.60,24.79,2.10,0.00,Trigo,ARIMA
2007-03-01,24.57,24.79,2.09,0.00,Trigo,ARIMA
2007-04-01,25.32,25.31,2.03,0.00,Trigo,ARIMA
2007-05-01,25.56,25.73,1.98,0.00,Trigo,ARIMA
2007-06-01,26.03,26.43,1.93,0.00,Trigo,ARIMA
2007-07-01,29.48,28.57,1.88,0.00,Trigo,ARIMA
2007-08-01,34.58,31.68,1.97,0.00,Trigo,ARIMA
2007-09-01,33.15,31.29,1.90,0.00,Trigo,ARIMA
2007-10-01,30.90,29.05,1.80,0.00,Trigo,ARIMA
2007-11-01,29.90,28.15,1.77,0.00,Trigo,ARIMA
2007-12-01,32.23,29.40,1.79,0.00,Trigo,ARIMA
2008-01-01,34.32,30.68,1.77,0.00,Trigo,ARIMA
2008-02-01,37.19,33.55,1.73,0.00,Trigo,ARIMA
2008-03-01,40.63,37.50,1.71,0.00,Trigo,ARIMA
2008-04-01,40.98,38.04,1.69,0.00,Trigo,ARIMA
2008-05-01,40.09,37.39,1.66,0.00,Trigo,ARIMA
2008-06-01,37.49,35.58,1.62,0.00,Trigo,ARIMA
2008-07-01,31.11,30.98,1.59,0.00,Trigo,ARIMA
2008-08-01,27.83,27.48,1.61,0.00,Trigo,ARIMA
2008-09-01,26.59,26.35,1.80,0.00,Trigo,ARIMA
2008-10-01,25.89,25.52,2.17,0.00,Trigo,ARIMA
2008-11-01,25.34,24.90,2.27,0.00,Trigo,ARIMA
2008-12-01,25.92,25.18,2.39,0.00,Trigo,ARIMA
2009-01-01,28.16,26.24,2.31,0.00,Trigo,ARIMA
2009-02-01,28.91,26.46,2.31,0.00,Trigo,ARIMA
2009-03-01,28.53,25.93,2.31,0.00,Trigo,ARIMA
2009-04-01,28.09,25.79,2.21,0.00,Trigo,ARIMA
2009-05-01,27.62,25.75,2.06,0.00,Trigo,ARIMA
2009-06-01,27.57,24.93,1.96,0.00,Trigo,ARIMA
2009-07-01,26.67,23.89,1.93,0.00,Trigo,ARIMA
2009-08-01,25.11,23.25,1.85,0.00,Trigo,ARIMA
2009-09-01,24.73,23.15,1.82,0.00,Trigo,ARIMA
2009-10-01,24.61,23.05,1.74,0.00,Trigo,ARIMA
2009-11-01,24.50,22.95,1.73,0.00,Trigo,ARIMA
2009-12-01,23.94,22.79,1.75,0.00,Trigo,ARIMA
2010-01-01,23.83,22.81,1.78,0.00,Trigo,ARIMA
2010-02-01,23.38,22.81,1.84,0.00,Trigo,ARIMA
2010-03-01,23.11,22.69,1.79,0.00,Trigo,ARIMA
2010-04-01,23.09,22.37,1.76,0.00,Trigo,ARIMA
2010-05-01,22.88,22.15,1.81,0.00,Trigo,ARIMA
2010-06-01,22.24,21.45,1.81,0.00,Trigo,ARIMA
2010-07-01,22.64,21.73,1.77,0.00,Trigo,ARIMA
2010-08-01,24.55,23.05,1.76,0.00,Trigo,ARIMA
2010-09-01,25.15,23.21,1.72,0.00,Trigo,ARIMA
2010-10-01,24.63,23.07,1.68,0.00,Trigo,ARIMA
2010-11-01,24.62,22.98,1.71,0.00,Trigo,ARIMA
2010-12-01,24.66,23.26,1.69,0.00,Trigo,ARIMA
2011-01-01,25.08,24.26,1.67,0.00,Trigo,ARIMA
2011-02-01,25.78,24.92,1.67,0.00,Trigo,ARIMA
2011-03-01,26.10,25.13,1.66,0.00,Trigo,ARIMA
2011-04-01,26.32,25.11,1.59,0.00,Trigo,ARIMA
2011-05-01,26.18,25.09,1.61,0.00,Trigo,ARIMA
2011-06-01,26.14,25.09,1.59,0.00,Trigo,ARIMA
2011-07-01,25.65,24.88,1.56,0.00,Trigo,ARIMA
2011-08-01,25.46,24.77,1.60,0.00,Trigo,ARIMA
2011-09-01,25.02,24.58,1.75,0.00,Trigo,ARIMA
2011-10-01,24.11,24.48,1.77,0.00,Trigo,ARIMA
2011-11-01,23.46,24.20,1.79,0.00,Trigo,ARIMA
2011-12-01,23.16,23.75,1.84,0.00,Trigo,ARIMA
2012-01-01,23.21,23.40,1.79,0.00,Trigo,ARIMA
2012-02-01,23.51,23.66,1.72,0.00,Trigo,ARIMA
2012-03-01,24.80,24.24,1.80,0.00,Trigo,ARIMA
2012-04-01,25.48,24.59,1.85,0.00,Trigo,ARIMA
2012-05-01,25.64,24.77,1.99,0.00,Trigo,ARIMA
2012-06-01,26.56,25.51,2.05,0.00,Trigo,ARIMA
2012-07-01,29.64,27.40,2.03,0.00,Trigo,ARIMA
2012-08-01,32.97,29.65,2.03,0.00,Trigo,ARIMA
2012-09-01,33.32,29.96,2.03,0.00,Trigo,ARIMA
2012-10-01,33.38,30.85,2.03,0.00,Trigo,ARIMA
2012-11-01,35.14,31.99,2.07,0.00,Trigo,ARIMA
2012-12-01,37.55,33.69,2.08,0.00,Trigo,ARIMA
2013-01-01,39.39,33.91,2.03,0.00,Trigo,ARIMA
2013-02-01,38.71,33.32,1.97,0.00,Trigo,ARIMA
2013-03-01,38.42,33.03,1.98,0.00,Trigo,ARIMA
2013-04-01,37.69,32.87,2.00,0.00,Trigo,ARIMA
2013-05-01,38.19,33.08,2.03,0.00,Trigo,ARIMA
2013-06-01,40.47,34.82,2.17,0.00,Trigo,ARIMA
2013-07-01,43.40,37.56,2.25,0.00,Trigo,ARIMA
2013-08-01,47.80,40.97,2.34,0.00,Trigo,ARIMA
2013-09-01,48.85,42.28,2.27,0.00,Trigo,ARIMA
2013-10-01,45.56,39.67,2.19,0.00,Trigo,ARIMA
2013-11-01,41.35,37.22,2.30,0.00,Trigo,ARIMA
2013-12-01,40.65,36.31,2.35,0.00,Trigo,ARIMA
2014-01-01,40.96,35.85,2.38,0.00,Trigo,ARIMA
2014-02-01,41.28,36.20,2.38,0.00,Trigo,ARIMA
2014-03-01,42.08,37.71,2.33,0.00,Trigo,ARIMA
2014-04-01,42.43,37.20,2.23,0.00,Trigo,ARIMA
2014-05-01,41.73,35.17,2.22,0.00,Trigo,ARIMA
2014-06-01,39.52,32.69,2.24,0.00,Trigo,ARIMA
2014-07-01,33.86,29.86,2.22,0.00,Trigo,ARIMA
2014-08-01,30.40,27.27,2.27,0.00,Trigo,ARIMA
2014-09-01,29.14,26.39,2.33,0.00,Trigo,ARIMA
2014-10-01,28.76,26.50,2.45,0.00,Trigo,ARIMA
2014-11-01,29.25,26.38,2.55,0.00,Trigo,ARIMA
2014-12-01,29.83,26.80,2.64,0.00,Trigo,ARIMA
2015-01-01,30.32,27.10,2.63,0.00,Trigo,ARIMA
2015-02-01,30.66,27.26,2.82,0.00,Trigo,ARIMA
2015-03-01,33.38,29.81,3.14,0.00,Trigo,ARIMA
2015-04-01,34.69,31.19,3.04,0.00,Trigo,ARIMA
2015-05-01,34.28,30.65,3.06,0.00,Trigo,ARIMA
2015-06-01,33.24,30.00,3.11,0.00,Trigo,ARIMA
2015-07-01,33.42,30.76,3.22,0.00,Trigo,ARIMA
2015-08-01,33.47,31.71,3.51,0.00,Trigo,ARIMA
2015-09-01,35.66,33.40,3.91,0.00,Trigo,ARIMA
2015-10-01,37.32,34.11,3.88,0.00,Trigo,ARIMA
2015-11-01,37.42,34.11,3.78,0.00,Trigo,ARIMA
2015-12-01,37.31,34.59,3.87,0.00,Trigo,ARIMA
2016-01-01,38.92,35.22,4.05,0.00,Trigo,ARIMA
2016-02-01,39.25,35.48,3.97,0.00,Trigo,ARIMA
2016-03-01,40.44,35.90,3.70,0.00,Trigo,ARIMA
2016-04-01,40.99,38.04,3.57,0.00,Trigo,ARIMA
2016-05-01,43.51,40.87,3.54,0.00,Trigo,ARIMA
2016-06-01,44.97,41.71,3.42,0.00,Trigo,ARIMA
2016-07-01,44.50,41.48,3.28,0.00,Trigo,ARIMA
2016-08-01,39.97,39.44,3.21,0.00,Trigo,ARIMA
2016-09-01,35.83,34.96,3.26,0.00,Trigo,ARIMA
2016-10-01,34.51,32.01,3.19,0.00,Trigo,ARIMA
2016-11-01,33.96,30.66,3.34,0.00,Trigo,ARIMA
2016-12-01,33.57,29.87,3.35,0.00,Trigo,ARIMA
2017-01-01,32.22,29.22,3.20,0.00,Trigo,ARIMA
2017-02-01,31.60,29.15,3.10,0.00,Trigo,ARIMA
2017-03-01,31.44,29.22,3.13,0.00,Trigo,ARIMA
2017-04-01,31.38,29.76,3.14,0.00,Trigo,ARIMA
2017-05-01,31.78,30.88,3.21,0.00,Trigo,ARIMA
2017-06-01,33.80,32.09,3.30,0.00,Trigo,ARIMA
2017-07-01,35.73,32.85,3.21,0.00,Trigo,ARIMA
2017-08-01,33.71,31.74,3.15,0.00,Trigo,ARIMA
2017-09-01,32.14,30.95,3.13,0.00,Trigo,ARIMA
2017-10-01,32.80,31.10,3.19,0.00,Trigo,ARIMA
2017-11-01,33.53,31.15,3.26,0.00,Trigo,ARIMA
2017-12-01,33.97,31.10,3.29,0.00,Trigo,ARIMA
2018-01-01,33.91,30.99,3.21,0.00,Trigo,ARIMA
2018-02-01,34.55,31.72,3.24,0.00,Trigo,ARIMA
2018-03-01,36.72,35.10,3.28,0.00,Trigo,ARIMA
2018-04-01,40.53,39.13,3.41,0.00,Trigo,ARIMA
2018-05-01,45.40,42.25,3.64,0.00,Trigo,ARIMA
2018-06-01,48.76,42.89,3.77,0.00,Trigo,ARIMA
2018-07-01,47.38,42.70,3.83,0.00,Trigo,ARIMA
2018-08-01,46.57,43.25,3.93,0.00,Trigo,ARIMA
2018-09-01,43.12,41.30,4.12,0.00,Trigo,ARIMA
2018-10-01,42.82,39.38,3.76,0.00,Trigo,ARIMA
2018-11-01,44.76,40.83,3.79,0.00,Trigo,ARIMA
2018-12-01,46.23,41.65,3.89,0.00,Trigo,ARIMA
2019-01-01,47.71,42.43,3.74,0.00,Trigo,ARIMA
2019-02-01,48.36,42.91,3.72,0.00,Trigo,ARIMA
2019-03-01,46.54,42.77,3.85,0.00,Trigo,ARIMA
2019-04-01,45.93,42.11,3.90,0.00,Trigo,ARIMA
2019-05-01,45.74,41.70,4.00,0.00,Trigo,ARIMA
2019-06-01,45.80,42.06,3.86,0.00,Trigo,ARIMA
2019-07-01,45.93,42.39,3.78,0.00,Trigo,ARIMA
2019-08-01,46.24,42.60,4.02,0.00,Trigo,ARIMA
2019-09-01,45.16,40.47,4.12,0.00,Trigo,ARIMA
2019-10-01,45.38,39.88,4.09,0.00,Trigo,ARIMA
2019-11-01,47.21,41.26,4.16,0.00,Trigo,ARIMA
2019-12-01,47.86,42.26,4.11,0.00,Trigo,ARIMA
2020-01-01,49.25,44.87,4.15,0.00,Trigo,ARIMA
2020-02-01,51.69,46.62,4.34,0.00,Trigo,ARIMA
2020-03-01,55.67,48.43,4.88,0.00,Trigo,ARIMA
2020-04-01,58.56,51.78,5.33,0.00,Trigo,ARIMA
2020-05-01,58.41,53.55,5.64,0.00,Trigo,ARIMA
2020-06-01,56.91,55.34,5.20,0.00,Trigo,ARIMA
2020-07-01,56.99,56.20,5.28,57.97,Trigo,ARIMA
2020-08-01,59.85,58.51,5.46,60.10,Trigo,ARIMA
2020-09-01,65.70,66.67,5.40,67.17,Trigo,ARIMA
2020-10-01,75.31,77.13,5.63,76.87,Trigo,ARIMA
2020-11-01,69.53,70.01,5.42,76.77,Trigo,ARIMA
2020-12-01,69.75,72.02,5.15,75.61,Trigo,ARIMA
2021-01-01,75.09,76.05,5.36,78.31,Trigo,ARIMA
2021-02-01,77.87,78.53,5.42,82.41,Trigo,ARIMA
2021-03-01,84.52,81.41,5.65,85.33,Trigo,ARIMA
2021-04-01,86.87,84.44,5.56,90.45,Trigo,ARIMA
2021-05-01,80.33,81.07,5.29,89.51,Trigo,ARIMA
2021-06-01,78.76,78.19,5.03,84.73,Trigo,ARIMA
2021-07-01,86.27,82.34,5.16,86.62,Trigo,ARIMA
2021-08-01,87.08,82.38,5.25,90.08,Trigo,ARIMA
2021-09-01,87.31,82.83,5.28,90.66,Trigo,ARIMA
2021-10-01,87.44,84.02,5.54,91.33,Trigo,ARIMA
2021-11-01,87.99,84.32,5.56,91.62,Trigo,ARIMA
2021-12-01,88.71,85.53,5.65,92.62,Trigo,ARIMA
2022-01-01,89.01,86.45,5.53,93.44,Trigo,ARIMA
2022-02-01,95.69,95.77,5.20,101.21,Trigo,ARIMA
2022-03-01,94.13,94.44,4.97,103.51,Trigo,ARIMA
2022-04-01,96.72,103.01,4.76,108.55,Trigo,ARIMA
2022-05-01,105.00,109.47,4.96,113.60,Trigo,ARIMA
2022-06-01,108.96,112.15,5.05,118.14,Trigo,ARIMA
2022-07-01,109.50,105.57,5.37,115.55,Trigo,ARIMA
2022-08-01,97.30,95.09,5.14,108.85,Trigo,ARIMA
2022-09-01,92.48,93.37,5.24,102.08,Trigo,ARIMA
2022-10-01,99.18,93.76,5.25,100.18,Trigo,ARIMA
2022-11-01,94.59,87.17,5.27,98.99,Trigo,ARIMA
2022-12-01,91.88,82.92,5.24,94.05,Trigo,ARIMA
2023-01-01,88.79,81.55,5.20,91.96,Trigo,ARIMA
2023-02-01,87.87,81.58,5.17,90.69,Trigo,ARIMA
2023-03-01,81.15,78.03,5.21,88.01,Trigo,ARIMA
2023-04-01,69.91,68.94,5.02,79.09,Trigo,ARIMA
2023-05-01,66.13,65.68,4.98,71.69,Trigo,ARIMA
2023-06-01,66.16,66.41,4.85,70.50,Trigo,ARIMA
2023-07-01,64.14,65.16,4.80,69.83,Trigo,ARIMA
2023-08-01,52.52,56.66,4.90,63.35,Trigo,ARIMA
2023-09-01,50.95,51.50,4.94,54.61,Trigo,ARIMA
2023-10-01,63.58,60.81,5.06,59.96,Trigo,ARIMA
2023-11-01,65.54,64.19,4.90,68.00,Trigo,ARIMA
2023-12-01,65.01,63.47,4.90,68.43,Trigo,ARIMA
2024-01-01,64.38,62.95,4.91,67.87,Trigo,ARIMA
2024-02-01,62.49,61.47,4.96,66.61,Trigo,ARIMA
2024-03-01,62.77,61.79,4.98,65.92,Trigo,ARIMA
2024-04-01,68.07,65.30,5.13,68.11,Trigo,ARIMA
2024-05-01,74.18,69.61,5.13,73.47,Trigo,ARIMA
2024-06-01,74.23,70.38,5.39,76.78,Trigo,ARIMA
2024-07-01,74.39,70.67,5.54,76.94,Trigo,ARIMA
2024-08-01,77.01,71.53,5.55,77.51,Trigo,ARIMA
2004-03-01,41.38,41.10,2.91,0.00,Algodão,ARIMA
2004-04-01,41.38,41.10,2.91,0.00,Algodão,ARIMA
2004-05-01,41.38,41.10,2.91,0.00,Algodão,ARIMA
2004-06-01,41.38,41.10,2.91,0.00,Algodão,ARIMA
2004-07-01,41.38,41.10,2.91,0.00,Algodão,ARIMA
2004-08-01,41.38,41.10,2.91,0.00,Algodão,ARIMA
2004-09-01,41.38,41.10,2.91,0.00,Algodão,ARIMA
2004-10-01,41.38,41.10,2.91,0.00,Algodão,ARIMA
2004-11-01,41.38,41.10,2.91,0.00,Algodão,ARIMA
2004-12-01,41.38,41.10,2.91,0.00,Algodão,ARIMA
2005-01-01,40.01,41.26,2.91,0.00,Algodão,ARIMA
2005-02-01,37.31,40.05,3.10,0.00,Algodão,ARIMA
2005-03-01,39.15,40.99,3.13,0.00,Algodão,ARIMA
2005-04-01,35.04,38.64,3.04,0.00,Algodão,ARIMA
2005-05-01,36.02,36.51,3.00,0.00,Algodão,ARIMA
2005-06-01,37.18,38.79,2.89,0.00,Algodão,ARIMA
2005-07-01,34.37,37.69,2.85,0.00,Algodão,ARIMA
2005-08-01,32.74,35.36,2.79,0.00,Algodão,ARIMA
2005-09-01,31.57,32.86,2.72,0.00,Algodão,ARIMA
2005-10-01,32.10,32.53,2.69,0.00,Algodão,ARIMA
2005-11-01,32.76,32.69,2.60,0.00,Algodão,ARIMA
2005-12-01,44.24,37.04,2.70,0.00,Algodão,ARIMA
2006-01-01,41.46,42.02,2.58,0.00,Algodão,ARIMA
2006-02-01,40.95,43.00,2.45,0.00,Algodão,ARIMA
2006-03-01,41.73,41.99,2.41,0.00,Algodão,ARIMA
2006-04-01,38.48,39.58,2.37,0.00,Algodão,ARIMA
2006-05-01,40.71,41.49,2.36,0.00,Algodão,ARIMA
2006-06-01,39.92,41.08,2.29,0.00,Algodão,ARIMA
2006-07-01,41.07,41.77,2.26,0.00,Algodão,ARIMA
2006-08-01,40.49,41.19,2.21,0.00,Algodão,ARIMA
2006-09-01,40.08,40.76,2.29,0.00,Algodão,ARIMA
2006-10-01,39.61,40.57,2.27,0.00,Algodão,ARIMA
2006-11-01,41.10,41.91,2.16,0.00,Algodão,ARIMA
2006-12-01,43.03,43.33,2.15,0.00,Algodão,ARIMA
2007-01-01,44.77,45.21,2.13,0.00,Algodão,ARIMA
2007-02-01,42.61,43.34,2.18,0.00,Algodão,ARIMA
2007-03-01,41.84,42.70,2.25,0.00,Algodão,ARIMA
2007-04-01,40.42,41.88,2.19,0.00,Algodão,ARIMA
2007-05-01,35.54,36.91,2.16,0.00,Algodão,ARIMA
2007-06-01,35.08,36.96,2.17,0.00,Algodão,ARIMA
2007-07-01,35.36,36.36,2.15,0.00,Algodão,ARIMA
2007-08-01,36.58,37.40,2.16,0.00,Algodão,ARIMA
2007-09-01,36.25,37.26,2.15,0.00,Algodão,ARIMA
2007-10-01,36.28,37.34,2.14,0.00,Algodão,ARIMA
2007-11-01,38.43,38.83,2.10,0.00,Algodão,ARIMA
2007-12-01,41.65,41.62,2.09,0.00,Algodão,ARIMA
2008-01-01,43.83,44.15,2.03,0.00,Algodão,ARIMA
2008-02-01,44.48,45.51,1.98,0.00,Algodão,ARIMA
2008-03-01,42.00,53.23,1.93,0.00,Algodão,ARIMA
2008-04-01,40.10,40.64,1.88,0.00,Algodão,ARIMA
2008-05-01,39.01,40.02,1.97,0.00,Algodão,ARIMA
2008-06-01,39.50,40.38,1.90,0.00,Algodão,ARIMA
2008-07-01,37.56,38.40,1.80,0.00,Algodão,ARIMA
2008-08-01,37.21,37.53,1.77,0.00,Algodão,ARIMA
2008-09-01,37.82,38.44,1.79,0.00,Algodão,ARIMA
2008-10-01,36.64,37.11,1.77,0.00,Algodão,ARIMA
2008-11-01,34.51,36.47,1.73,0.00,Algodão,ARIMA
2008-12-01,35.59,37.33,1.71,0.00,Algodão,ARIMA
2009-01-01,35.59,37.39,1.69,0.00,Algodão,ARIMA
2009-02-01,34.50,36.54,1.66,0.00,Algodão,ARIMA
2009-03-01,34.02,35.67,1.62,0.00,Algodão,ARIMA
2009-04-01,37.98,38.86,1.59,0.00,Algodão,ARIMA
2009-05-01,37.19,38.52,1.61,0.00,Algodão,ARIMA
2009-06-01,36.22,37.49,1.80,0.00,Algodão,ARIMA
2009-07-01,35.82,37.04,2.17,0.00,Algodão,ARIMA
2009-08-01,35.42,36.53,2.27,0.00,Algodão,ARIMA
2009-09-01,35.81,36.96,2.39,0.00,Algodão,ARIMA
2009-10-01,38.15,38.88,2.31,0.00,Algodão,ARIMA
2009-11-01,40.60,40.81,2.31,0.00,Algodão,ARIMA
2009-12-01,43.65,43.64,2.31,0.00,Algodão,ARIMA
2010-01-01,44.28,44.67,2.21,0.00,Algodão,ARIMA
2010-02-01,45.97,46.14,2.06,0.00,Algodão,ARIMA
2010-03-01,50.32,51.01,1.96,0.00,Algodão,ARIMA
2010-04-01,49.41,50.08,1.93,0.00,Algodão,ARIMA
2010-05-01,48.67,49.19,1.85,0.00,Algodão,ARIMA
2010-06-01,52.22,52.04,1.82,0.00,Algodão,ARIMA
2010-07-01,57.32,56.13,1.74,0.00,Algodão,ARIMA
2010-08-01,69.04,69.54,1.73,0.00,Algodão,ARIMA
2010-09-01,70.57,71.21,1.75,0.00,Algodão,ARIMA
2010-10-01,85.22,83.22,1.78,0.00,Algodão,ARIMA
2010-11-01,90.77,89.30,1.84,0.00,Algodão,ARIMA
2010-12-01,106.68,101.85,1.79,0.00,Algodão,ARIMA
2011-01-01,122.97,117.22,1.76,0.00,Algodão,ARIMA
2011-02-01,128.86,125.25,1.81,0.00,Algodão,ARIMA
2011-03-01,117.94,115.78,1.81,0.00,Algodão,ARIMA
2011-04-01,75.42,78.37,1.77,0.00,Algodão,ARIMA
2011-05-01,70.77,72.68,1.76,0.00,Algodão,ARIMA
2011-06-01,53.46,56.88,1.72,0.00,Algodão,ARIMA
2011-07-01,56.69,59.42,1.68,0.00,Algodão,ARIMA
2011-08-01,55.92,58.75,1.71,0.00,Algodão,ARIMA
2011-09-01,54.84,57.88,1.69,0.00,Algodão,ARIMA
2011-10-01,53.34,56.65,1.67,0.00,Algodão,ARIMA
2011-11-01,51.77,55.13,1.67,0.00,Algodão,ARIMA
2011-12-01,52.90,55.44,1.66,0.00,Algodão,ARIMA
2012-01-01,53.31,55.63,1.59,0.00,Algodão,ARIMA
2012-02-01,50.60,53.89,1.61,0.00,Algodão,ARIMA
2012-03-01,49.88,53.01,1.59,0.00,Algodão,ARIMA
2012-04-01,49.83,52.21,1.56,0.00,Algodão,ARIMA
2012-05-01,46.85,48.20,1.60,0.00,Algodão,ARIMA
2012-06-01,48.67,49.32,1.75,0.00,Algodão,ARIMA
2012-07-01,49.37,50.52,1.77,0.00,Algodão,ARIMA
2012-08-01,50.44,52.05,1.79,0.00,Algodão,ARIMA
2012-09-01,47.05,50.54,1.84,0.00,Algodão,ARIMA
2012-10-01,47.42,50.57,1.79,0.00,Algodão,ARIMA
2012-11-01,48.52,50.50,1.72,0.00,Algodão,ARIMA
2012-12-01,52.95,53.26,1.80,0.00,Algodão,ARIMA
2013-01-01,56.66,57.46,1.85,0.00,Algodão,ARIMA
2013-02-01,62.75,62.53,1.99,0.00,Algodão,ARIMA
2013-03-01,65.52,66.19,2.05,0.00,Algodão,ARIMA
2013-04-01,61.34,63.14,2.03,0.00,Algodão,ARIMA
2013-05-01,59.25,60.57,2.03,0.00,Algodão,ARIMA
2013-06-01,66.05,65.96,2.03,0.00,Algodão,ARIMA
2013-07-01,66.82,67.71,2.03,0.00,Algodão,ARIMA
2013-08-01,65.87,67.94,2.07,0.00,Algodão,ARIMA
2013-09-01,66.12,67.71,2.08,0.00,Algodão,ARIMA
2013-10-01,63.90,66.10,2.03,0.00,Algodão,ARIMA
2013-11-01,65.32,66.85,1.97,0.00,Algodão,ARIMA
2013-12-01,68.30,68.96,1.98,0.00,Algodão,ARIMA
2014-01-01,70.42,71.34,2.00,0.00,Algodão,ARIMA
2014-02-01,68.06,69.94,2.03,0.00,Algodão,ARIMA
2014-03-01,64.49,67.23,2.17,0.00,Algodão,ARIMA
2014-04-01,59.51,62.42,2.25,0.00,Algodão,ARIMA
2014-05-01,58.43,60.11,2.34,0.00,Algodão,ARIMA
2014-06-01,55.82,58.07,2.27,0.00,Algodão,ARIMA
2014-07-01,51.18,54.37,2.19,0.00,Algodão,ARIMA
2014-08-01,51.31,53.59,2.30,0.00,Algodão,ARIMA
2014-09-01,50.46,52.33,2.35,0.00,Algodão,ARIMA
2014-10-01,50.41,51.93,2.38,0.00,Algodão,ARIMA
2014-11-01,50.21,51.86,2.38,0.00,Algodão,ARIMA
2014-12-01,50.86,52.12,2.33,0.00,Algodão,ARIMA
2015-01-01,50.96,52.39,2.23,0.00,Algodão,ARIMA
2015-02-01,56.85,56.53,2.22,0.00,Algodão,ARIMA
2015-03-01,66.11,62.99,2.24,0.00,Algodão,ARIMA
2015-04-01,64.94,63.83,2.22,0.00,Algodão,ARIMA
2015-05-01,63.74,63.61,2.27,0.00,Algodão,ARIMA
2015-06-01,64.86,64.33,2.33,0.00,Algodão,ARIMA
2015-07-01,66.95,67.73,2.45,0.00,Algodão,ARIMA
2015-08-01,70.79,70.49,2.55,0.00,Algodão,ARIMA
2015-09-01,72.16,72.78,2.64,0.00,Algodão,ARIMA
2015-10-01,70.27,71.60,2.63,0.00,Algodão,ARIMA
2015-11-01,68.16,69.69,2.82,0.00,Algodão,ARIMA
2015-12-01,73.10,73.25,3.14,0.00,Algodão,ARIMA
2016-01-01,79.39,78.78,3.04,0.00,Algodão,ARIMA
2016-02-01,74.99,76.24,3.06,0.00,Algodão,ARIMA
2016-03-01,77.21,76.19,3.11,0.00,Algodão,ARIMA
2016-04-01,82.65,79.44,3.22,0.00,Algodão,ARIMA
2016-05-01,83.22,81.27,3.51,0.00,Algodão,ARIMA
2016-06-01,80.85,80.50,3.91,0.00,Algodão,ARIMA
2016-07-01,80.31,80.20,3.88,0.00,Algodão,ARIMA
2016-08-01,77.16,77.85,3.78,0.00,Algodão,ARIMA
2016-09-01,78.59,77.85,3.87,0.00,Algodão,ARIMA
2016-10-01,79.40,79.44,4.05,0.00,Algodão,ARIMA
2016-11-01,83.92,82.24,3.97,0.00,Algodão,ARIMA
2016-12-01,85.94,84.07,3.70,0.00,Algodão,ARIMA
2017-01-01,86.84,85.07,3.57,0.00,Algodão,ARIMA
2017-02-01,86.45,84.27,3.54,0.00,Algodão,ARIMA
2017-03-01,86.54,84.42,3.42,0.00,Algodão,ARIMA
2017-04-01,87.11,85.03,3.28,0.00,Algodão,ARIMA
2017-05-01,87.89,85.93,3.21,0.00,Algodão,ARIMA
2017-06-01,81.26,81.45,3.26,0.00,Algodão,ARIMA
2017-07-01,76.09,77.58,3.19,0.00,Algodão,ARIMA
2017-08-01,75.77,77.24,3.34,0.00,Algodão,ARIMA
2017-09-01,73.93,75.64,3.35,0.00,Algodão,ARIMA
2017-10-01,74.92,76.18,3.20,0.00,Algodão,ARIMA
2017-11-01,79.52,79.22,3.10,0.00,Algodão,ARIMA
2017-12-01,86.64,84.55,3.13,0.00,Algodão,ARIMA
2018-01-01,86.52,85.93,3.14,0.00,Algodão,ARIMA
2018-02-01,92.59,90.58,3.21,0.00,Algodão,ARIMA
2018-03-01,98.65,95.63,3.30,0.00,Algodão,ARIMA
2018-04-01,110.99,107.56,3.21,0.00,Algodão,ARIMA
2018-05-01,119.75,116.85,3.15,0.00,Algodão,ARIMA
2018-06-01,108.87,108.48,3.13,0.00,Algodão,ARIMA
2018-07-01,102.07,102.94,3.19,0.00,Algodão,ARIMA
2018-08-01,99.27,100.28,3.26,0.00,Algodão,ARIMA
2018-09-01,96.35,97.58,3.29,0.00,Algodão,ARIMA
2018-10-01,91.25,94.39,3.21,0.00,Algodão,ARIMA
2018-11-01,93.45,95.53,3.24,0.00,Algodão,ARIMA
2018-12-01,92.46,95.02,3.28,0.00,Algodão,ARIMA
2019-01-01,90.76,90.75,3.41,0.00,Algodão,ARIMA
2019-02-01,90.38,90.85,3.64,0.00,Algodão,ARIMA
2019-03-01,90.71,91.10,3.77,0.00,Algodão,ARIMA
2019-04-01,89.37,90.42,3.83,0.00,Algodão,ARIMA
2019-05-01,86.93,87.99,3.93,0.00,Algodão,ARIMA
2019-06-01,81.26,82.72,4.12,0.00,Algodão,ARIMA
2019-07-01,75.56,77.20,3.76,0.00,Algodão,ARIMA
2019-08-01,75.13,75.98,3.79,0.00,Algodão,ARIMA
2019-09-01,76.28,78.21,3.89,0.00,Algodão,ARIMA
2019-10-01,78.32,80.79,3.74,0.00,Algodão,ARIMA
2019-11-01,82.21,84.14,3.72,0.00,Algodão,ARIMA
2019-12-01,83.31,84.77,3.85,0.00,Algodão,ARIMA
2020-01-01,87.70,89.22,3.90,0.00,Algodão,ARIMA
2020-02-01,90.83,92.15,4.00,0.00,Algodão,ARIMA
2020-03-01,87.00,89.95,3.86,0.00,Algodão,ARIMA
2020-04-01,82.39,86.04,3.78,0.00,Algodão,ARIMA
2020-05-01,84.18,87.13,4.02,0.00,Algodão,ARIMA
2020-06-01,85.57,87.85,4.12,0.00,Algodão,ARIMA
2020-07-01,96.28,96.29,4.09,0.00,Algodão,ARIMA
2020-08-01,100.89,102.27,4.16,0.00,Algodão,ARIMA
2020-09-01,113.96,112.55,4.11,112.09,Algodão,ARIMA
2020-10-01,125.42,124.65,4.15,124.44,Algodão,ARIMA
2020-11-01,122.79,125.20,4.34,124.30,Algodão,ARIMA
2020-12-01,133.67,134.96,4.88,134.67,Algodão,ARIMA
2021-01-01,152.52,153.29,5.33,153.50,Algodão,ARIMA
2021-02-01,161.68,163.40,5.64,163.18,Algodão,ARIMA
2021-03-01,157.42,159.90,5.20,159.17,Algodão,ARIMA
2021-04-01,166.43,168.03,5.28,168.12,Algodão,ARIMA
2021-05-01,158.30,162.07,5.46,161.07,Algodão,ARIMA
2021-06-01,159.49,161.33,5.40,160.85,Algodão,ARIMA
2021-07-01,168.13,168.52,5.63,168.51,Algodão,ARIMA
2021-08-01,171.07,171.99,5.42,171.82,Algodão,ARIMA
2021-09-01,189.81,185.29,5.15,186.31,Algodão,ARIMA
2021-10-01,195.82,192.51,5.36,192.90,Algodão,ARIMA
2021-11-01,205.79,203.02,5.42,203.91,Algodão,ARIMA
2021-12-01,219.13,214.91,5.65,216.01,Algodão,ARIMA
2022-01-01,225.96,223.40,5.56,224.52,Algodão,ARIMA
2022-02-01,226.30,224.51,5.29,225.58,Algodão,ARIMA
2022-03-01,232.76,231.80,5.03,233.64,Algodão,ARIMA
2022-04-01,256.12,250.33,5.16,253.22,Algodão,ARIMA
2022-05-01,246.81,245.42,5.25,246.56,Algodão,ARIMA
2022-06-01,196.23,202.96,5.28,201.16,Algodão,ARIMA
2022-07-01,201.18,201.47,5.54,202.11,Algodão,ARIMA
2022-08-01,200.79,200.88,5.56,201.21,Algodão,ARIMA
2022-09-01,168.34,173.09,5.65,171.12,Algodão,ARIMA
2022-10-01,166.27,165.18,5.53,164.47,Algodão,ARIMA
2022-11-01,169.92,168.99,5.20,169.00,Algodão,ARIMA
2022-12-01,170.61,172.31,4.97,172.58,Algodão,ARIMA
2023-01-01,167.89,171.75,4.76,172.11,Algodão,ARIMA
2023-02-01,156.59,161.97,4.96,161.51,Algodão,ARIMA
2023-03-01,139.70,148.42,5.05,147.41,Algodão,ARIMA
2023-04-01,123.87,135.95,5.37,134.57,Algodão,ARIMA
2023-05-01,126.59,135.28,5.14,134.94,Algodão,ARIMA
2023-06-01,119.94,128.58,5.24,127.45,Algodão,ARIMA
2023-07-01,127.34,131.39,5.25,130.89,Algodão,ARIMA
2023-08-01,126.81,131.23,5.27,130.28,Algodão,ARIMA
2023-09-01,126.21,131.95,5.24,131.20,Algodão,ARIMA
2023-10-01,121.48,128.65,5.20,127.70,Algodão,ARIMA
2023-11-01,122.04,127.34,5.17,126.54,Algodão,ARIMA
2023-12-01,123.65,127.61,5.21,126.67,Algodão,ARIMA
2024-01-01,127.78,131.12,5.02,130.51,Algodão,ARIMA
2024-02-01,133.65,135.22,4.98,134.77,Algodão,ARIMA
2024-03-01,125.66,131.04,4.85,130.05,Algodão,ARIMA
2024-04-01,121.01,127.74,4.80,126.99,Algodão,ARIMA
2024-05-01,122.93,127.71,4.90,127.14,Algodão,ARIMA
2024-06-01,127.90,132.34,4.94,132.03,Algodão,ARIMA
2024-07-01,126.32,131.66,5.06,130.91,Algodão,ARIMA
2024-08-01,124.22,129.13,4.90,128.39,Algodão,ARIMA
